COID,CoName,Ticker,PeriodName,PeriodEndDate,FirstFillingDate,LatestFillingDate,g_ProductRevenue,g_ServiceRevenue,g_OtherRevenue,g_TotalRevenue,g_CostofProduct,g_CostOfService,g_TotalCOGS,g_GrossProfit,g_SellingAndMarketing,g_GeneralAndAdministration,g_SellingGeneralAndAdministration,g_ResearchAndDevelopment,g_RentalExpenses,g_AdvertisingAndSalesPromotion,g_LicenseFeesAndRoyalties,g_DepericationAndAmortizationCF,g_ImparimentOfLongLivedAssets,g_GainandSaleofAssets,g_GainAndSaleOfBusinessDivestitures,g_RestructringRelatedExp,g_OtherOperatingExpenseIncome,g_TotalOperatingExpensesIncome,g_TotalCostAndOperatingExpensesIncome,g_OperatingProfitLloss,g_InterestExpenseAndOtherCostsOfDebt,g_InterestIncomeDividendIncomeInvestmentIncome,g_TotalInterestExpIncNet,g_GainorLossonSaleofAssetsNonOperatingIncome,g_GainorLossonSaleofBusinessDivestituresNonOperatingIncome,g_OtherNonOperatingExpInc,g_TotalNonOperatingExpInc,g_EquityInEarningsOfUnconsolidatedAffiliatesJVBeforeTax,g_IncomeLossBeforeIncomeTaxesBenefits,g_CurrentIncomeTax,g_DeferredIncomeTax,g_IncomeTaxProvisionsBenefits,g_EffectiveTaxRatePercentage,g_NetIncomefromContinuingOperations,g_GainLossfromDiscontinuedOperations,g_EquityInEarningsOfUnconsolidatedAffiliatesJVAfterTax,g_NetincomeAttributabletoNonControllingInterest,g_PreferredDividendIncomeAttributableToParticipatingSecurities,g_PreferredStockConvertibleDividend,g_NetincomeavailabletoCommonShareHolder,g_ClassABasicEarningsLossPerBasicCommonShareSplitAdjusted,g_ClassBBasicEarningsLossPerBasicCommonShareSplitAdjusted,g_ClassCBasicEarningsLossPerBasicCommonShareSplitAdjusted,g_BasicEPS,g_ClassADilutedEarningsLossPerDilutedCommonShareSplitAdjusted,g_ClassBDilutedEarningsLossPerDilutedCommonShareSplitAdjusted,g_ClassCDilutedEarningsLossPerDilutedCommonShareSplitAdjusted,g_DilutedEPS,g_ClassABasicSharesUsedInComputingEarningsLossPerCommonShareSplitAdjusted,g_ClassBBasicSharesUsedInComputingEarningsLossPerCommonShareSplitAdjusted,g_ClassCBasicSharesUsedInComputingEarningsLossPerCommonShareSplitAdjusted,g_BasicShares,g_ClassADilutedSharesUsedInComputingEarningsLossPerCommonShareSplitAdjusted,g_ClassBDilutedSharesUsedInComputingEarningsLossPerCommonShareSplitAdjusted,g_ClassCDilutedSharesUsedInComputingEarningsLossPerCommonShareSplitAdjusted,g_DilutedShares,g_SeriesAPreferredStockDividendPerShare,g_SeriesBPreferredStockDividendPerShare,g_SeriesCPreferredStockDividendPerShare,g_PreferredStockDividendPerShare,g_ClassACashDividendsPerShareSplitAdjusted,g_ClassBCashdividendspershareSplitAdjusted,g_ClassCCashdividendspershareSplitAdjusted,g_DividendPerShare,g_SpecialDividendPerShare,g_EBIT,g_EBITDA,g_AdjustedEBITDA,g_COSSBC,g_S&MSBC,g_GandASBC,g_SG&ASBC,g_R&DSBC,g_TotalSBC,g_RevenueNonGAAP,g_CostofSalesNonGAAP,g_GrossProfitNonGAAP,g_SalesandMarketingNonGAAP,g_R&DNonGAAP,g_GeneralandAdministrativeNonGAAP,g_DepreciationAndAmortizationNonGAAP,g_OtherOperatingExpensesNonGAAP,g_OperatingExpensesNonGAAP,g_OperatingProfitLossNonGAAP,g_InterestincomeordividendincomeorinvestmentincomeNon-GAAP,g_InterestExpenseandOtherCostsofDebtNon-GAAP,g_TotalInterestExpOrIncNetNon-GAAP,g_NonoperatingExpensesNonGAAP,g_PretaxIncomeNonGAAP,g_TaxesNonGAAP,g_NetIncomeNonGAAP,g_NetincomeattributabletoNonControllingInterestNon-GAAP,g_NetincomeavailabletoCommonShareHolderNon-GAAP,g_EPSNonGAAP,g_DilutedSharesOutstandingNonGAAP,g_CashAndCashEquivalents,g_RestrictedCash,g_ShortTermInvestments,g_CashAndCashEquivalentsShortTermInvestments,g_MarketableSecuritiesCurrent,g_AccruedandPrepaidExpenses,g_TradeReceibales,g_AllowanceofBadDebts,g_AccountsReceivableNet,g_InventoriesNetNon-realestate,g_DerivativeInstrumentsAssetsCurrent,g_IncomeTaxReceivable,g_DeferredTaxAssetsAndTaxesReceivableCurrent,g_DeferredRevenueCurrent,g_DeferredAssetsCurrent,g_InterestReceivable,g_OtherCurrentAssets,g_AssetsHeldforSale,g_CurrentAssets,g_PropertyPlantEquipmentGross,g_AccumulatedDepreciationAmortization,g_PropertyPlantEquipmentNet,g_RightOfUseAssetOperatingLeases,g_PropertyPlantEquipmentNetIncludingOperatingLeasedAssets,g_InvestmentPropertiesatFairValue,g_LongTermInvestments,g_IntangibleAssetsGross,g_AccumulatedAmortization,g_IntangibleAssetsNet,g_Goodwill,g_DerivativeInstrumentsAssetsNoncurrent,g_EquityMethodInvestmentsUnconsolidatedInvesteesJVAndAssociates,g_PensionandotherpostretirementBenefits,g_DeferredTaxAssetsAndTaxesReceivableNonCurrent,g_DeferredRevenueNoncurrent,g_OtherDeferredAssetsNonCurrent,g_OtherLongTermAssets,g_TotalNonCurrentAssets,g_TotalAssets,g_TradePayable,g_AccountsPayableNet,g_DeferredTaxLiabilitiesAndTaxesPayableCurrent,g_AccruedTaxes,g_CurrentPortionLongTermDebt,g_InterestPayable,g_DividendsPayable,g_SalesTaxPayable,g_AccruedExpensesExpensesPayable,g_DerivativeInstrumentsLiablilitieSCurrent,g_CapitalOperatingLeaseObligationsCurrent,g_ShortTermBorrowings,g_DebtCapitalLeaseOperatingLeaseObligationsCurrent,g_DeferredUnearnedRevenueCurrent,g_OtherCurrentLiablities,g_CurrentLiabilities,g_LongTermDebtNet,g_LongTermBorrowingsAndCapitalOperatingLeasesExcludingCurrentPortion,g_TotalLongTermDebtAndLeasesExcludingCurrentPortion,g_Deposits,g_DeferredTaxLiabilitiesAndTaxesPayableLongterm,g_DeferredRevenueLongterm,g_MinorityInterestLongTermLiabilities,g_DerivativeInstrumentsLiablilitiesNonCurrentLiabilities,g_PensionAndOtherPostRetirementLiabilities,g_OtherNonCurrentLiabilities,g_TotalLiabilities,g_CommitmentsAndContingencies,g_CommonStock,g_AdditionalPaidinCapital,g_CommonstockAndAdditionalPaidInCapital,g_PreferredStock,g_RetainedEarnings,g_TreasuryStock,g_AccumulatedComprehensiveIncomeDeficit,g_Otherequity,g_TotalPartnersEquity,g_MinorityInterest,g_StockholdersEquity,g_LiabilitiesStockholdersEquity,g_TotalDebt,g_NetAsset,g_CapitalEmployed,g_NetIncome,g_Adjustments,g_DepreciationAndAmortization,g_ChangeInDeferredIncomeTax,g_StockBasedCompensationExpense,g_ExpensesRelatedToEmployeeStockPlans,g_ExcessTaxBenefitsFromTheExerciseofStockOptions,g_NonCashInterestExpenseIncomeNet,g_AmortizationofLoanFeesandDiscountonDebtIssuanceAndLease,g_LongLivedAssetsImpairment,g_NetGainLossOnDerivativeInstrumentsNet,g_PensionAndOtherPostRetirementBenefitsExpenseNet,g_NetUnrealizedForeignCurrencyLossGain,g_LossIncomeonDisposalofAssets,g_LossIncomeOnExtinguishmentOfAssetsDebt,g_EquityInEarningsOfUnConsolidatedVenturesNet,g_ProvisionDoubtfulAccounts,g_DeferalOfUnearnedRevenueOrDeferredRevenue,g_OtherNonCashChargesBenefits,g_WorkingCapitalChanges,g_IncreaseDecreaseOfAccountsReceivableNet,g_IncreaseDecreaseOfInventories,g_IncreaseDecreaseOfAccuredPrepaidExpenses,g_IncreaseDecreaseofAccuredDerivativeExpensesSettlements,g_IncreaseDecreaseofOtherCurrentAssets,g_ProgramRightObligationsNet,g_IncreaseDecreaseofAccountsPayableAndOtherAccruedExpenses,g_IncreaseDecreaseofAccruedExpensesExpensesPayable,g_IncreaseDecreaseofIncomeTaxesPayableAndReceivable,g_IncreaseDecreaseofDeferredassetsLiabilities,g_IncreaseDecreaseofShortTermDebtAgainstInventories,g_IncreaseDecreaseofOtherCurrentLiablities,g_NetCashProvidedUsedByOperations,g_CapitalExpendituresOnTangibleAssets,g_ProceedsfromSaleofTangibleAndIntangibleAssets,g_CapitalExpenditureOnIntangibleAssets,g_TotalCapitalExpendituresNet,g_CapitalAdditionsBusinessAcquistions,g_ProceedsPaymentsRelatedToBusinessDispositionsDivestitures,g_AcquisitionOfCompaniesNetOfDivestitures,g_PurchasesOfInvestments,g_ProceedsfromSaleOfInvestments,g_PaymentProceedsfromInvestmentsNet,g_PurchaseOtherAssets,g_ProceedsfromSaleOfOtherAssets,g_PaymentorProceedsfromSaleofOtherAssets,g_GoodwillNetCF,g_InvestmentinAffiliatesUnconsolidatedSubsidiaryEquityMethodNet,g_DividendReceivedFromInvestment,g_OtherInvestingActivity,g_CashFlowFromInvestingActivities,g_ProceedsfromIssuanceOfCommonStock,g_RepurchaseofCommonStock,g_ProceedsPaymentOfCommonStockNet,g_ProceedsFromIssuanceOfPreferredStock,g_RepurchaseOfPreferredStock,g_ProceedsPaymentOfPreferredStockNet,g_StockOptionExercises,g_ExcessTaxBenefitsFromStockBasedCompensation,g_ProccedsFromStockOptionExerciesNetofTaxBenefits,g_ProceedsFromLongtermDebt,g_RepaymentOfLongtermDebt,g_ProceedsPaymentofLongTermDebtNetincludingCapitalOperatingleaseliabilities,g_ChangeInShortTermBorrowings,g_CashDividendsPaidToCommonShareholders,g_PreferredDividends,g_DividendPaidtoMinorityInterest,g_TotalDividendPaymentNet,g_DeferredFinancingCostsDebtEquityIssuanceCost,g_MergerReleatedCost,g_OtherFinancingActivities,g_CashFlowFromFinancingActivities,g_EffectExchangeRateCashCashEquivalents,g_EffectOfDiscontinuedOperations,g_NetIncreaseDecreaseCashCashEquivalents,g_CashAtBeginingOfPeriod,g_CashAtEndOfPeriod,g_FreeCashFlow,g_COSHeadcount,g_S&MHeadcount,g_G&AHeadcount,g_SG&AHeadcount,g_R&DHeadcount,g_TotalHeadcount,g_StockPrice,g_StockPriceAdjustedStockSplit,g_SeriesACommonStockOutstandingSharesSplitAdjusted,g_SeriesBCommonStockOutstandingSharesSplitAdjusted,g_SeriesCCommonStockOutstandingSharesSplitAdjusted,g_TotalSharesOutstanding,g_StatutoryTaxRate,g_TotalNumberofOptionsandWarrantsSplitAdjusted,g_WeightedAverageExercisePriceSplitAdjusted,g_Proformasetup,g_OperatingExpensesComparable,g_OperatingProfitLossComparable,g_TotalNonOperatingExpOrIncComparble
10688,"Meta Platforms, Inc.",META,Q1 07,31-03-2007,15-04-2007,15-04-2007,0,0,,0,0,,0,0,0,0,0,0,,,,,,,,,,0,0,0,0,0,0,,,,0,,0,0,0,0,,0,,,,0,,0,0,0,0,0,0,0,0,,0,,,0,,,,0,,,,,,,,0,,0,0,0,0,0,0,0,0,0,0,0,0,0,0,0,0,0,0,0,0,0,0,0,0,0,0,,0,,0,0,,,0,0,0,,0,0,,,0,,,,,,,0,0,0,0,0,0,,,0,0,0,0,,0,,,,,0,0,0,,0,,,,,,,0,,0,,0,0,,0,0,0,0,,,,,,,0,0,,0,0,0,0,0,,0,,0,,0,0,0,0,0,0,0,0,0,0,,0,,0,,,,,,,,,,0,0,0,,0,,0,,0,0,0,0,,0,0,0,0,,0,0,,0,0,0,0,,,0,,0,,0,0,0,0,0,0,,0,0,0,0,0,0,0,0,,,0,0,,,0,0,0,,0,0,0,0,,,,0,,0,0,,0,0,0,0,0.21,0,0,,0,0,0
10688,"Meta Platforms, Inc.",META,Q2 07,30-06-2007,15-07-2007,15-07-2007,0,0,,0,0,,0,0,0,0,0,0,,,,,,,,,,0,,0,0,0,0,,,,0,,0,0,0,0,,0,,,,0,,0,,,,0,,,,,,,,0,,,,0,,,,,,,,0,,0,0,0,0,0,0,0,0,0,0,0,0,0,0,0,0,0,0,0,0,0,0,0,0,0,0,,0,,0,0,,,0,0,0,,0,0,,,0,,,,,,,0,0,0,0,0,0,,,0,0,0,0,,0,,,,,0,0,0,,0,,,,,,,0,,0,,0,0,,0,0,0,0,,,,,,,0,0,,0,0,0,0,0,,0,,0,,0,0,0,0,0,0,0,0,0,0,,0,,0,,,,,,,,,,0,0,0,,0,,0,,0,0,0,0,,0,0,0,0,,0,0,,0,0,0,0,,,0,,0,,0,0,0,0,0,0,,0,0,0,0,0,0,0,0,,,0,0,,,0,0,0,,0,0,0,0,,,,0,,0,0,,0,0,0,0,0.21,0,0,,0,0,0
10688,"Meta Platforms, Inc.",META,Q3 07,30-09-2007,15-10-2007,15-10-2007,0,0,,0,0,,0,0,0,0,0,0,,,,,,,,,,0,,0,0,0,0,,,,0,,0,0,0,0,,0,,,,0,,0,,,,0,,,,,,,,0,,,,0,,,,,,,,0,,0,0,0,0,0,0,0,0,0,0,0,0,0,0,0,0,0,0,0,0,0,0,0,0,0,0,,0,,0,0,,,0,0,0,,0,0,,,0,,,,,,,0,0,0,0,0,0,,,0,0,0,0,,0,,,,,0,0,0,,0,,,,,,,0,,0,,0,0,,0,0,0,0,,,,,,,0,0,,0,0,0,0,0,,0,,0,,0,0,0,0,0,0,0,0,0,0,,0,,0,,,,,,,,,,0,0,0,,0,,0,,0,0,0,0,,0,0,0,0,,0,0,,0,0,0,0,,,0,,0,,0,0,0,0,0,0,,0,0,0,0,0,0,0,0,,,0,0,,,0,0,0,,0,0,0,0,,,,0,,0,0,,0,0,0,0,0.21,0,0,,0,0,0
10688,"Meta Platforms, Inc.",META,Q4 07,31-12-2007,15-01-2008,15-01-2008,0,0,,0,0,,0,0,0,0,0,0,,,,,,,,,,0,,0,0,0,0,,,,0,,0,0,0,0,,0,,,,0,,0,,,,0,,,,,,,,0,,,,0,,,,,,,,0,,0,0,0,0,0,0,0,0,0,0,0,0,0,0,0,0,0,0,0,0,0,0,0,0,0,0,,0,,0,0,,,0,0,0,,0,0,,,0,,,,,,,0,0,0,0,0,0,,,0,0,0,0,,0,,,,,0,0,0,,0,,,,,,,0,,0,,0,0,,0,0,0,0,,,,,,,0,0,,0,0,0,0,0,,0,,0,,0,0,0,0,0,0,0,0,0,0,,0,,0,,,,,,,,,,0,0,0,,0,,0,,0,0,0,0,,0,0,0,0,,0,0,,0,0,0,0,,,0,,0,,0,0,0,0,0,0,,0,0,0,0,0,0,0,0,,,0,0,,,0,0,0,,0,0,0,0,,,,0,,0,0,,0,0,0,0,0.21,0,0,,0,0,0
10688,"Meta Platforms, Inc.",META,FY 07,31-12-2007,15-01-2008,15-01-2008,0,0,,0,41,,41,-41,81,123,204,32,,,,,,,,,,236,,-277,0,0,0,,,,0,,-277,0,0,0,-0.022222222,-277,,,,0,,-277,,,,-0.320973349,,,,-0.320973349,,,,863000000,,,,863000000,,,,,,,,0,,-135,-135,-51,1,56,13,69,3,0,153,40,113,25,29,110,0,0,164,-51,0,0,0,0,-51,1.133333333,-52.13333333,,-52.13333333,-0.060409424,863,0,,,0,0,0,,0,0,,,0,,,,,,,0,0,0,0,0,0,,,0,0,0,0,,0,,,,,0,0,0,,0,,,,,,,0,,0,,0,0,,0,0,0,0,,,,,,,0,0,,0,0,0,0,0,,0,,0,,0,0,0,0,0,0,0,0,0,0,,0,,0,,,,,,,,,,0,0,0,,0,,0,,0,0,0,0,,0,0,0,0,,0,0,,0,0,0,0,,,0,,0,,0,0,0,0,0,0,,0,0,0,0,0,0,0,0,,,0,0,,,0,0,0,,0,0,0,0,,,,0,,0,0,,0,0,0,0,0.21,0,0,,236,-277,0
10688,"Meta Platforms, Inc.",META,Q1 08,31-03-2008,15-04-2008,15-04-2008,0,0,,0,0,,0,0,0,0,0,0,,,,,,,,,,0,,0,0,0,0,,,,0,,0,0,0,0,,0,,,,0,,0,,,,0,,,,,,,,0,,,,0,,,,,,,,0,,0,0,0,0,0,0,0,0,0,0,0,0,0,0,0,0,0,0,0,0,0,0,0,0,0,0,,0,,0,0,,,0,0,0,,0,0,,,0,,,,,,,0,0,0,0,0,0,,,0,0,0,0,,0,,,,,0,0,0,,0,,,,,,,0,,0,,0,0,,0,0,0,0,,,,,,,0,0,,0,0,0,0,0,,0,,0,,0,0,0,0,0,0,0,0,0,0,,0,,0,,,,,,,,,,0,0,0,,0,,0,,0,0,0,0,,0,0,0,0,,0,0,,0,0,0,0,,,0,,0,,0,0,0,0,0,0,,0,0,0,0,0,0,0,0,,,0,0,,,0,0,0,,0,0,0,0,,,,0,,0,0,,0,0,0,1007000000,0.21,0,0,,0,0,0
10688,"Meta Platforms, Inc.",META,Q2 08,30-06-2008,15-07-2008,15-07-2008,0,0,,0,0,,0,0,0,0,0,0,,,,,,,,,,0,,0,0,0,0,,,,0,,0,0,0,0,,0,,,,0,,0,,,,0,,,,,,,,0,,,,0,,,,,,,,0,,0,0,0,0,0,0,0,0,0,0,0,0,0,0,0,0,0,0,0,0,0,0,0,0,0,0,,0,,0,0,,,0,0,0,,0,0,,,0,,,,,,,0,0,0,0,0,0,,,0,0,0,0,,0,,,,,0,0,0,,0,,,,,,,0,,0,,0,0,,0,0,0,0,,,,,,,0,0,,0,0,0,0,0,,0,,0,,0,0,0,0,0,0,0,0,0,0,,0,,0,,,,,,,,,,0,0,0,,0,,0,,0,0,0,0,,0,0,0,0,,0,0,,0,0,0,0,,,0,,0,,0,0,0,0,0,0,,0,0,0,0,0,0,0,0,,,0,0,,,0,0,0,,0,0,0,0,,,,0,,0,0,,1007000000,0,,1007000000,0.21,0,,,0,0,0
10688,"Meta Platforms, Inc.",META,Q3 08,30-09-2008,15-10-2008,15-10-2008,0,0,,0,0,,0,0,0,0,0,0,,,,,,,,,,0,,0,0,0,0,,,,0,,0,0,0,0,,0,,,,0,,0,,,,0,,,,,,,,0,,,,0,,,,,,,,0,,0,0,0,0,0,0,0,0,0,0,0,0,0,0,0,0,0,0,0,0,0,0,0,0,0,0,,0,,0,0,,,0,0,0,,0,0,,,0,,,,,,,0,0,0,0,0,0,,,0,0,0,0,,0,,,,,0,0,0,,0,,,,,,,0,,0,,0,0,,0,0,0,0,,,,,,,0,0,,0,0,0,0,0,,0,,0,,0,0,0,0,0,0,0,0,0,0,,0,,0,,,,,,,,,,0,0,0,,0,,0,,0,0,0,0,,0,0,0,0,,0,0,,0,0,0,0,,,0,,0,,0,0,0,0,0,0,,0,0,0,0,0,0,0,0,,,0,0,,,0,0,0,,0,0,0,0,,,,0,,0,0,,1007000000,0,,1007000000,0.21,0,,,0,0,0
10688,"Meta Platforms, Inc.",META,Q4 08,31-12-2008,15-01-2009,15-01-2009,0,0,,0,0,,0,0,0,0,0,0,,,,,,,,,,0,,0,0,0,0,,,,0,,0,0,0,0,,0,,,,0,,0,,,,0,,,,,,,,0,,,,0,,,,,,,,0,,0,0,0,0,0,0,0,0,0,0,0,0,0,0,0,0,0,0,0,0,0,0,0,0,0,0,,0,,0,297,,,297,0,0,,0,0,,,0,,,,,,,297,0,0,0,0,0,,,0,0,0,0,,0,,,,,0,0,297,,0,,,,,,,0,,56,,56,0,,56,0,0,0,,,,,,,0,56,,0,147,147,0,0,,0,,147,,147,203,56,372,372,0,0,0,0,0,,0,,0,,,,,,,,,,0,0,0,,0,,0,,0,0,0,0,,0,0,0,0,,0,0,,0,0,0,0,,,0,,0,,0,0,0,0,0,0,,0,0,0,0,0,0,0,0,,,0,0,,,0,0,0,,0,0,0,0,,,,0,,0,0,,0,0,0,1007000000,0.21,0,0,,0,0,0
10688,"Meta Platforms, Inc.",META,FY 08,31-12-2008,15-01-2009,15-01-2009,0,0,,0,124,,124,-124,47,80,127,76,,,,,,,,,,203,,-327,0,0,0,,,,0,,-327,0,0,0,0,-327,,,,0,,-327,,,,-0.350482315,,,,-0.350482315,,,,933000000,,,,933000000,,,,,,,,0,,-56,-56,-25,0,7,19,26,4,0,272,124,148,40,72,61,0,0,173,-25,0,0,0,0,-25,0,-25,,-25,-0.026795284,933,297,,,297,0,0,,0,0,,,0,,,,,,,297,0,0,0,0,0,,,0,0,0,0,,0,,,,,0,0,297,,0,,,,,,,0,,56,,56,0,,56,0,0,0,,,,,,,0,56,,0,147,147,0,0,,0,,147,,147,203,56,372,372,0,0,0,0,0,,0,,0,,,,,,,,,,0,0,0,,0,,0,,0,0,0,0,,0,0,0,0,,0,0,,0,0,0,0,,,0,,0,,0,0,0,0,0,0,,0,0,0,0,0,0,0,0,,,0,0,,,0,0,0,,0,0,0,0,,,,0,,0,0,,0,0,0,1007000000,0.21,0,0,,203,-327,0
10688,"Meta Platforms, Inc.",META,Q1 09,31-03-2009,15-04-2009,15-04-2009,0,0,,0,0,,0,0,0,0,0,0,,,,,,,,,,0,,0,0,0,0,,,,0,,0,0,0,0,,0,,,,0,,0,,,,0,,,,,,,,0,,,,0,,,,,,,,0,,0,0,0,0,0,0,0,0,0,0,0,0,0,0,0,0,0,0,0,0,0,0,0,0,0,0,,0,,0,0,,,0,0,0,,0,0,,,0,,,,,,,0,0,0,0,0,0,,,0,0,0,0,,0,,,,,0,0,0,,0,,,,,,,0,,0,,0,0,,0,0,0,0,,,,,,,0,0,,0,0,0,0,0,,0,,0,,0,0,0,0,0,0,0,0,0,0,,0,,0,,,,,,,,,,0,0,0,,0,,0,,0,0,0,0,,0,0,0,0,,0,0,,0,0,0,0,,,0,,0,,0,0,0,0,0,0,,0,0,0,0,0,0,0,0,,,0,0,,,0,0,0,,0,0,0,0,,,,0,,0,0,,0,0,0,1038500000,0.21,0,0,,0,0,0
10688,"Meta Platforms, Inc.",META,Q2 09,30-06-2009,15-07-2009,15-07-2009,0,0,,0,0,,0,0,0,0,0,0,,,,,,,,,,0,,0,0,0,0,,,,0,,0,0,0,0,,0,,,,0,,0,,,,0,,,,,,,,0,,,,0,,,,,,,,0,,0,0,0,0,0,0,0,0,0,0,0,0,0,0,0,0,0,0,0,0,0,0,0,0,0,0,,0,,0,0,,,0,0,0,,0,0,,,0,,,,,,,0,0,0,0,0,0,,,0,0,0,0,,0,,,,,0,0,0,,0,,,,,,,0,,0,,0,0,,0,0,0,0,,,,,,,0,0,,0,0,0,0,0,,0,,0,,0,0,0,0,0,0,0,0,0,0,,0,,0,,,,,,,,,,0,0,0,,0,,0,,0,0,0,0,,0,0,0,0,,0,0,,0,0,0,0,,,0,,0,,0,0,0,0,0,0,,0,0,0,0,0,0,0,0,,,0,0,,,0,0,0,,0,0,0,0,,,,0,,0,0,,1038500000,0,,1038500000,0.21,616644,0.513944237,,0,0,0
10688,"Meta Platforms, Inc.",META,Q3 09,30-09-2009,15-10-2009,15-10-2009,0,0,,0,0,,0,0,0,0,0,0,,,,,,,,,,0,,0,0,0,0,,,,0,,0,0,0,0,,0,,,,0,,0,,,,0,,,,,,,,0,,,,0,,,,,,,,0,,0,0,0,0,0,0,0,0,0,0,0,0,0,0,0,0,0,0,0,0,0,0,0,0,0,0,,0,,0,0,,,0,0,0,,0,0,,,0,,,,,,,0,0,0,0,0,0,,,0,0,0,0,,0,,,,,0,0,0,,0,,,,,,,0,,0,,0,0,,0,0,0,0,,,,,,,0,0,,0,0,0,0,0,,0,,0,,0,0,0,0,0,0,0,0,0,0,,0,,0,,,,,,,,,,0,0,0,,0,,0,,0,0,0,0,,0,0,0,0,,0,0,,0,0,0,0,,,0,,0,,0,0,0,0,0,0,,0,0,0,0,0,0,0,0,,,0,0,,,0,0,0,,0,0,0,0,,,,0,,0,0,,1038500000,0,,1038500000,0.21,616644,0.513944237,,0,0,0
10688,"Meta Platforms, Inc.",META,Q4 09,31-12-2009,15-01-2010,15-01-2010,0,0,,0,0,,0,0,0,0,0,0,,,,,,,,,,0,,0,0,0,0,,,,0,,0,0,0,0,,0,,,,0,,0,,,,0,,,,,,,,0,,,,0,,,,,,,,0,,0,0,0,0,0,0,0,0,0,0,0,0,0,0,0,0,0,0,0,0,0,0,0,0,0,0,,0,,0,633,,,633,0,0,,0,0,,,0,,,,,,,633,0,0,0,0,0,,,0,0,0,0,,0,,,,,0,0,633,,0,,,,,,,0,,95,,95,0,,95,0,0,0,,,,,,,0,95,,0,253,253,0,0,,0,,253,,253,348,95,686,686,0,0,0,0,0,,0,,0,,,,,,,,,,0,0,0,,0,,0,,0,0,0,0,,0,0,0,0,,0,0,,0,0,0,0,,,0,,0,,0,0,0,0,0,0,,0,0,0,0,0,0,0,0,,,0,0,,,0,0,0,,0,0,0,0,,,,0,,0,0,,0,0,0,1070000000,0.21,0,0,,0,0,0
10688,"Meta Platforms, Inc.",META,FY 09,31-12-2009,15-01-2010,15-01-2010,764,13,,777,223,,223,554,115,90,205,87,,,,,,,,,,292,,262,0,0,0,,,,0,,262,98,-73,25,0.098425197,237,,,,-107,,130,,,,0.127826942,,,,0.106557377,,,,1017000000,,,,1220000000,,,,,,,,0,,254,332,367,0,6,19,25,2,27,777,223,554,109,85,71,0,0,265,289,0,0,0,0,289,28.44488189,260.5551181,,260.5551181,0.213569769,1220,633,,,633,0,0,,0,0,,,0,,,,,,,633,0,0,0,0,0,,,0,0,0,0,,0,,,,,0,0,633,,0,,,,,,,0,,95,,95,0,,95,0,0,0,,,,,,,0,95,,0,253,253,0,0,,0,,253,,253,348,95,686,686,229,-74,78,0,27,,-1,,0,,,,,,,,,,1,-179,-112,,-30,,-59,,-7,27,0,1,,1,155,-33,0,,-33,3,,3,0,0,0,,,0,,0,,-32,-62,0,0,0,200,,200,9,51,60,0,-48,-48,0,,,0,0,,,31,243,0,,336,297,633,122,,,,0,,0,0,,0,0,0,1070000000,0.21,0,0,,292,262,0
10688,"Meta Platforms, Inc.",META,Q1 10,31-03-2010,15-04-2010,15-04-2010,340,5,,345,100,,100,245,25,22,47,36,,,,,,,,,,83,,162,0,0,0,,,,0,,162,0,0,0,0,162,,,,0,,162,,,,0,,,,,,,,0,,,,0,,,,,,,,0,,162,162,167,0,0,3,3,2,0,345,100,245,25,34,19,0,0,78,167,0,0,0,0,167,0,167,,167,,0,0,,,0,0,0,,0,0,,,0,,,,,,,0,0,0,0,0,0,,,0,0,0,0,,0,,,,,0,0,0,,0,,,,,,,0,,0,,0,0,,0,0,0,0,,,,,,,0,0,,0,0,0,0,0,,0,,0,,0,0,0,0,0,0,0,0,0,0,,0,,0,,,,,,,,,,0,0,0,,0,,0,,0,0,0,0,,0,0,0,0,,0,0,,0,0,0,0,,,0,,0,,0,0,0,0,0,0,,0,0,0,0,0,0,0,0,,,0,0,,,0,0,0,,0,0,0,0,,,,0,,0,0,,0,0,0,60000000,0.21,0,0,,83,162,0
10688,"Meta Platforms, Inc.",META,Q2 10,30-06-2010,15-07-2010,15-07-2010,424,8,,432,111,,111,321,32,26,58,44,,,,,,,,,,102,,219,0,0,0,,,,0,,219,0,0,0,0,219,,,,0,,219,,,,0,,,,,,,,0,,,,0,,,,,,,,0,,218,218,223,0,1,2,3,2,0,431,111,320,31,42,24,0,0,97,223,0,0,0,0,223,0,223,,223,,0,0,,,0,0,0,,0,0,,,0,,,,,,,0,0,0,0,0,0,,,0,0,0,0,,0,,,,,0,0,0,,0,,,,,,,0,,0,,0,0,,0,0,0,0,,,,,,,0,0,,0,0,0,0,0,,0,,0,,0,0,0,0,0,0,0,0,0,0,,0,,0,,,,,,,,,,0,0,0,,0,,0,,0,0,0,0,,0,0,0,0,,0,0,,0,0,0,0,,,0,,0,,0,0,0,0,0,0,,0,0,0,0,0,0,0,0,,,0,0,,,0,0,0,,0,0,0,0,,,,0,,0,0,,60000000,0,,60000000,0.21,715730,0.954660864,,102,218,0
10688,"Meta Platforms, Inc.",META,Q3 10,30-09-2010,15-10-2010,15-10-2010,450,17,,467,131,,131,336,41,34,75,45,,,,,,,,,,120,,216,0,0,0,,,,0,,216,0,0,0,0,216,,,,0,,216,,,,0,,,,,,,,0,,,,0,,,,,,,,0,,216,216,220,0,0,2,2,2,0,467,131,336,41,43,32,0,0,116,220,0,0,0,0,220,0,220,,220,,0,0,,,0,0,0,,0,0,,,0,,,,,,,0,0,0,0,0,0,,,0,0,0,0,,0,,,,,0,0,0,,0,,,,,,,0,,0,,0,0,,0,0,0,0,,,,,,,0,0,,0,0,0,0,0,,0,,0,,0,0,0,0,0,0,0,0,0,0,,0,,0,,,,,,,,,,0,0,0,,0,,0,,0,0,0,0,,0,0,0,0,,0,0,,0,0,0,0,,,0,,0,,0,0,0,0,0,0,,0,0,0,0,0,0,0,0,,,0,0,,,0,0,0,,0,0,0,0,,,,0,,0,0,,60000000,0,,60000000,0.21,715730,0.954660864,,120,216,0
10688,"Meta Platforms, Inc.",META,Q4 10,31-12-2010,15-01-2011,15-01-2011,655,76,,731,150,,150,581,45,40,85,59,,,,,,,,,,144,,437,0,0,0,,,,0,,437,0,0,0,0,437,,,,0,,437,,,,0,,,,,,,,0,,,,0,,,,,,,,0,,437,437,443,0,1,2,3,3,0,731,150,581,44,56,38,0,0,138,443,0,0,0,0,443,0,443,,443,,0,1785,,,1785,0,88,,0,373,,,0,,,,,,,2246,820,-246,574,0,574,,,0,0,0,96,,0,,,,,74,744,2990,,104,,,,,,,137,,106,,106,42,,389,250,117,367,,,,,,,72,828,,0,947,947,615,606,,-6,,2162,,2162,2990,473,2351,2601,0,0,0,0,0,,0,,0,,,,,,,,,,0,0,0,,0,,0,,0,0,0,0,,0,0,0,0,,0,0,,0,0,0,0,,,0,,0,,0,0,0,0,0,0,,0,0,0,0,0,0,0,0,,,0,0,,,0,0,0,,0,0,0,0,,,,0,,0,0,,0,0,0,1172000000,0.21,0,0,,144,437,0
10688,"Meta Platforms, Inc.",META,FY 10,31-12-2010,15-01-2011,01-02-2013,1868,106,,1974,493,,493,1481,167,138,305,144,,,,,,,,,,449,,1032,22,0,22,,,,22,,1010,383,19,402,0.398809524,608,,,,-234,,374,,,,0.337850045,,,,0.264497878,,,,1107000000,,,,1414000000,,,,,,,,0,,1030,1169,1189,0,9,9,18,2,20,1974,493,1481,158,142,129,0,0,429,1052,0,22,22,2,1028,409.9761905,618.0238095,,618.0238095,0.43707483,1414,1785,,,1785,0,88,,0,373,,,0,,,,,,,2246,820,-246,574,0,574,,,0,0,0,96,,0,,,,,74,744,2990,,104,,,,,,,137,,106,,106,42,,389,250,117,367,,,,,,,72,828,,0,947,947,615,606,,-6,,2162,,2162,2990,473,2351,2601,606,92,139,0,20,,0,,0,,,,,,,,,,3,-70,-209,,-38,,17,,87,20,0,37,,16,698,-293,0,,-293,-22,,-22,0,0,0,,,0,,0,,-9,-324,500,0,500,0,,0,6,115,121,0,160,160,0,,,0,0,,,0,781,-3,,1152,633,1785,405,,,,0,,0,0,,0,0,0,1172000000,0.21,0,0,,449,1032,22
10688,"Meta Platforms, Inc.",META,Q1 11,31-03-2011,15-04-2011,15-04-2011,637,94,,731,167,,167,564,57,51,108,68,,,,,,,,,,176,,388,7,0,7,,,,7,,381,173.7841727,-8.784172662,165,0.414572864,216,,,,-80,,136,,,,0.106666667,,,,0.097777778,,,,1275000000,,,,1390909091,,,,,,,,0,,405,456,463,0,0,3,3,4,7,731,167,564,57,64,48,0,0,169,395,0,7,7,-17,405,167.9020101,237.0979899,,237.0979899,0.170462607,1390.909091,0,,,0,0,0,,0,0,,,0,,,,,,,0,0,0,0,0,0,,,0,0,0,0,,0,,,,,0,0,0,,0,,,,,,,0,,0,,0,0,,0,0,0,0,,,,,,,0,0,,0,0,0,0,0,,0,,0,,0,0,0,0,0,233,112,51,0,7,,0,,0,,,,,,,,,,1,53,27,,-26,,-10,,21,6,0,17,,18,345,-153,0,,-153,-1,,-1,0,0,0,,,0,,0,,1,-153,998,0,998,0,,0,9,69,78,0,-279,-279,0,,,0,0,,,1,798,1,,991,1785,2776,192,,,,0,,2431,0,,0,0,0,1251224072,0.21,0,0,,176,388,7
10688,"Meta Platforms, Inc.",META,Q2 11,30-06-2011,15-07-2011,15-07-2011,776,119,,895,210,,210,685,99,83,182,96,,,,,,,,,,278,,407,9,0,9,,,,9,,398,169.571223,-10.57122302,159,0.398496241,239,,,,-81,,158,,,,0.122291022,,,,0.104635762,,,,1292000000,,,,1510000000,,,,,,,,0,,408,480,544,3,35,15,50,11,64,895,207,688,64,85,68,0,0,217,471,0,9,9,-1,463,184.5037594,278.4962406,,278.4962406,0.184434596,1510,0,,,0,0,0,,0,0,,,0,,,,,,,0,0,0,0,0,0,,,0,0,0,0,,0,,,,,0,0,0,,0,,,,,,,0,,0,,0,0,,0,0,0,0,,,,,,,0,0,,0,0,0,0,0,,0,,0,,0,0,0,0,0,240,-111,72,-15,64,,0,,0,,,,,,,,,,5,-237,-55,,-202,,5,,24,-27,0,3,,15,129,-132,0,,-132,-3,,-3,-1892,0,-1892,,,0,,-1,,-4,-2032,0,0,0,0,,0,15,286,301,0,-53,-53,0,,,0,0,,,7,255,3,,-1645,2776,1131,-3,,,,0,,2661,0,,88548572,1162675500,,1251224072,0.21,705119,1.843829226,,278,407,8
10688,"Meta Platforms, Inc.",META,Q3 11,30-09-2011,15-10-2011,15-10-2011,798,156,,954,236,,236,718,114,82,196,108,,,,,,,,,,304,,414,10,0,10,,,,10,,404,160.0920863,-8.092086331,152,0.401055409,252,,,,-77,,175,,,,0.132978723,,,,0.115131579,,,,1316000000,,,,1520000000,,,,,,,,0,,389,486,556,3,13,21,34,33,70,954,233,721,101,75,61,0,0,237,484,0,10,10,25,449,180.0738786,268.9261214,,268.9261214,0.17692508,1520,0,,,0,0,0,,0,0,,,0,,,,,,,0,0,0,0,0,0,,,0,0,0,0,,0,,,,,0,0,0,,0,,,,,,,0,,0,,0,0,,0,0,0,0,,,,,,,0,0,,0,0,0,0,0,,0,,0,,0,0,0,0,0,227,338,97,-15,70,,0,,0,,,,,,,,,,0,186,-44,,113,,-19,,82,12,0,24,,18,565,-136,0,,-136,-1,,-1,-850,185,-665,,,0,,-1,,8,-795,0,0,0,0,,0,3,50,53,0,-46,-46,0,,,0,0,,,7,14,-9,,-225,1131,906,429,,,,0,,2958,0,,88548572,1162675500,,1251224072,0.21,705119,1.843829226,,304,414,35
10688,"Meta Platforms, Inc.",META,Q4 11,31-12-2011,15-01-2012,15-01-2012,943,188,,1131,247,,247,884,120,92,212,124,,,,,,,,,,336,,548,16,0,16,,,,16,,532,228.552518,-10.55251799,218,0.419230769,314,,,,-97,,217,,,,0.163773585,,,,0.142857143,,,,1325000000,,,,1519000000,,,,,,,,0,,536,639,743,3,13,18,31,42,76,1131,244,887,107,82,74,0,0,263,624,0,0,0,0,624,261.6,362.4,,362.4,0.238578012,1519,1512,,,1512,2396,149,,17,547,,,0,,,,,,,4604,1925,-450,1475,0,1475,,,112,-32,80,162,,0,,,,,90,1807,6411,,234,,,,,,,296,,279,,279,90,,899,0,398,398,,,,,,,135,1432,,0,2684,2684,615,1606,,-6,,4899,,4899,6331,677,5432,5432,302,208,103,-1,76,,0,,0,,,,,,,,,,-2,32,-102,,89,,20,,-25,46,0,5,,-1,510,-185,0,,-185,-19,,-19,-283,444,161,,,0,,-1,,1,-43,0,0,0,0,,0,1,28,29,0,-53,-53,0,,,0,0,,,155,131,8,,606,906,1512,325,,,,0,,3200,0,,0,0,0,1330448142,0.21,0,0,,336,548,16
10688,"Meta Platforms, Inc.",META,FY 11,31-12-2011,15-01-2012,31-01-2014,3154,557,,3711,860,,860,2851,393,314,707,388,,,,,,,,,,1095,,1756,42,0,42,,,,42,,1714,732,-37,695,0.410029499,1019,,,,-332,,687,,,,0.530911901,,,,0.455570292,,,,1294000000,,,,1508000000,,,,,,,,0,,1737,2060,2277,9,114,51,165,43,217,3711,851,2860,279,345,263,0,0,887,1973,0,42,42,19,1912,783.9764012,1128.023599,,1128.023599,0.748026259,1508,1512,,,1512,2396,149,,17,547,,,0,,,,,,,4604,1925,-450,1475,0,1475,,,112,-32,80,162,,0,,,,,90,1807,6411,,234,,,,,,,296,,279,,279,90,,899,0,398,398,,,,,,,135,1432,,0,2684,2684,615,1606,,-6,,4899,,4899,6331,677,5432,5432,1000,549,323,0,217,,0,,0,,,,,,,,,,4,5,-174,,-31,,-32,,102,38,0,49,,53,1549,-606,0,,-606,-24,,-24,-3028,629,-2399,,,0,,0,,6,-3023,998,0,998,0,,0,28,433,461,0,-431,-431,0,,,0,0,,,170,1198,3,,-273,1785,1512,943,,,,0,,3200,0,,0,0,0,1330448142,0.21,0,0,,1095,1756,42
10688,"Meta Platforms, Inc.",META,Q1 12,31-03-2012,15-04-2012,02-05-2013,872,186,,1058,277,,277,781,143,104,247,153,,,,,,,,,,400,,381,13,0,13,,,,13,,368,251.2517007,-74.25170068,177,0.463350785,191,,,,-68,,123,,,,0.091314031,,,,0.080550098,,,,1347000000,,,,1527000000,,,,,,,,0,,395,505,608,5,19,19,38,60,103,1058,272,786,124,93,85,0,0,302,484,0,13,13,-14,485,224.7251309,260.2748691,,260.2748691,0.170448506,1527,1282,,,1282,2628,302,,16,482,,,0,,,,,,,4694,2392,-537,1855,0,1855,,,0,0,0,189,,0,,,,,121,2165,6859,,307,,,,,,,337,,302,,302,93,,1039,0,404,404,,,,,,,144,1587,,0,2853,2853,615,1811,,-7,,5272,,5272,6859,706,5820,5820,205,236,110,0,103,,0,,0,,,,,,,,,,1,22,65,,-28,,-32,,4,2,0,3,,8,441,-453,0,,-453,-25,,-25,-876,636,-240,,,0,,-1,,-1,-720,0,0,0,0,,0,5,54,59,0,-71,-71,0,,,0,0,,,62,50,-1,,-230,1512,1282,-12,,,,0,,3539,0,,0,0,0,1352683594,0.21,0,0,,400,381,13
10688,"Meta Platforms, Inc.",META,Q2 12,30-06-2012,15-07-2012,31-07-2012,992,192,,1184,367,,367,817,392,463,855,705,,,,,,,,,,1560,,-743,10,0,10,,,,10,,-753,-863.0566893,255.0566893,-608,0.794771242,-145,,,,0,,-145,,,,-0.077168707,,,,-0.077168707,,,,1879000000,,,,1879000000,,,,,,,,0,,-755,-616,490,66,545,263,808,232,1106,1184,301,883,-153,473,200,0,0,520,363,0,10,10,12,341,271.0169935,69.98300654,,69.98300654,0.037244815,1879,2098,,,2098,8090,634,,17,578,,,567,,,,,,,11967,2734,-629,2105,0,2105,,,0,0,0,809,,0,,,,,47,2961,14928,,196,,,,,,,441,,312,,312,85,,1034,0,394,394,,,,,,,191,1619,,0,11684,11684,0,1654,,-29,,13309,,13309,14928,706,13894,13894,-157,399,139,-350,1106,,0,,0,,,,,,,,,,3,-499,-106,,26,,-37,,-27,224,-567,-8,,-4,242,-413,0,,-413,-550,,-550,-6081,598,-5483,,,0,,-2,,-2,-6450,6761,0,6761,0,,0,4,327,331,0,-72,-72,0,,,0,0,,,20,7040,-16,,816,1282,2098,-171,,,,0,,3976,31.1,31.1,640605043,1500952264,,2141557307,0.21,576867,6.115886886,,1560,-743,22
10688,"Meta Platforms, Inc.",META,Q3 12,30-09-2012,15-10-2012,24-10-2012,1086,176,,1262,322,,322,940,168,151,319,244,,,,,,,,,,563,,377,11,0,11,,,,11,,366,611.8049887,-180.8049887,431,1.158602151,-65,,,,0,,-65,,,,-0.026859504,,,,-0.026859504,,,,2420000000,,,,2420000000,,,,,,,,0,,383,559,738,8,28,29,57,114,179,1262,314,948,140,130,122,0,0,392,556,0,11,11,-6,551,638.3897849,-87.38978495,,-87.38978495,-0.036111481,2420,2478,,,2478,7974,631,,18,635,,,567,,,,,,,12285,3023,-734,2289,0,2289,,,0,0,0,1423,,0,,,,,41,3753,16038,,214,,,,,,,409,,372,,372,85,,1080,0,530,530,,,,,,,254,1864,,0,12585,12585,0,1595,,-6,,14174,,14174,16038,902,14958,14958,-59,309,176,-60,179,,0,,0,,,,,,,,,,4,10,-50,,31,,9,,27,-27,0,0,,20,250,-171,0,,-171,-336,,-336,-1633,1750,117,,,0,,0,,1,-389,0,0,0,-1,,-1,0,473,473,0,-88,-88,0,,,0,0,,,123,507,12,,380,2098,2478,79,,,,0,,4331,21.66,21.66,948988558,1216644203,,2165632761,0.21,576935,6.173114424,,563,377,5
10688,"Meta Platforms, Inc.",META,Q4 12,31-12-2012,15-01-2013,31-01-2014,1329,256,,1585,398,,398,1187,193,174,367,297,,,,,,,,,,664,,523,17,0,17,,,,17,,506,626,-185,441,0.873267327,65,,,,0,,65,,,,0.027449324,,,,0.025937749,,,,2368000000,,,,2506000000,,,,,,,,0,,522,746,916,9,27,24,51,124,184,1585,389,1196,166,173,150,0,0,489,707,0,17,3,15,689,601.6811881,87.31881188,,87.31881188,0.034843899,2506,2384,,,2384,7242,471,,22,719,,,451,,,,,,,11267,3273,-882,2391,0,2391,,,911,-110,801,1388,,0,,,,,57,4637,15904,,234,,,,,,,423,,365,,365,30,,1052,1500,491,1991,,,,,,,305,3348,,0,10094,10094,0,1659,,2,,11755,,11755,15103,2356,12551,14051,64,617,224,248,184,,0,,0,,,,,,,,,,7,-46,-80,,-38,,2,,-5,-2,116,-55,,16,681,-198,0,,-198,0,,0,-1717,2449,732,,,0,,1,,0,535,0,0,0,1496,,1496,8,179,187,0,-135,-135,0,,,0,0,,,-2862,-1314,4,,-94,2478,2384,483,,,,0,,4619,26.62,26.62,0,0,0,2372705195,0.21,0,0,,664,523,17
10688,"Meta Platforms, Inc.",META,FY 12,31-12-2012,15-01-2013,31-01-2014,4279,810,,5089,1364,,1364,3725,896,892,1788,1399,,,,,,,,,,3187,,538,51,-14,37,,,,37,,501,626,-185,441,0.892712551,60,,,,-21,,39,,,,0.019441675,,,,0.01800554,,,,2006000000,,,,2166000000,,,,,,,,0,,531,1180,2752,88,306,335,641,843,1572,5089,1276,3813,590,556,557,0,0,1703,2110,-14,51,37,7,2066,1844.34413,221.6558704,,221.6558704,0.102334197,2166,2384,,,2384,7242,471,,22,719,,,451,,,,,,,11267,3273,-882,2391,0,2391,,,911,-110,801,1388,,0,,,,,57,4637,15904,,234,,,,,,,423,,365,,365,30,,1052,1500,491,1991,,,,,,,305,3348,,0,10094,10094,0,1659,,2,,11755,,11755,15103,2356,12551,14051,53,1559,649,-186,1572,,0,,0,,,,,,,,,,23,-499,-170,,-465,,2,,-1,152,0,-60,,43,1612,-1235,0,,-1235,-911,,-911,-10307,5433,-4874,,,0,,0,,-4,-7024,6760,0,6760,0,,0,17,1033,1050,1496,-366,1130,0,,,0,0,,,-2657,6283,1,,872,1512,2384,377,,,,0,,4619,26.62,26.62,0,0,0,2372705195,0.21,0,0,,3187,538,37
10688,"Meta Platforms, Inc.",META,Q1 13,31-03-2013,15-04-2013,15-04-2014,1245,213,,1458,413,,413,1045,203,176,379,293,,,,,,,,,,672,,373,10,0,10,,,,10,,363,137.953748,-3.953748006,134,0.379603399,229,,,,-2,,227,,,,0.095138307,,,,0.090836335,,,,2386000000,,,,2499000000,,,,,,,,0,,363,596,786,8,24,21,45,117,170,1458,404,1054,175,165,151,0,0,491,563,0,10,10,10,543,206.1246459,336.8753541,,336.8753541,0.134804063,2499,2325,,,2325,7147,485,,21,659,,,426,,,,,,,11042,3535,-1002,2533,0,2533,,,989,-142,847,1501,,0,,,,,87,4968,16010,,265,,,,,,,430,,338,,338,30,,1063,1500,420,1920,,,,,,,356,3339,,0,9961,9961,0,1878,,-15,,11824,,11824,15163,2258,12600,14100,219,500,233,-7,170,,-3,,0,,,,,,,,,,17,90,54,,-1,,-36,,22,-33,0,0,,84,719,-327,0,,-327,-99,,-99,-1508,1602,94,,,0,,0,,6,-326,0,0,0,0,,0,8,62,70,0,-109,-109,0,,,0,0,,,-405,-444,-8,,-59,2384,2325,392,,,,0,,4900,25.58,25.58,0,0,0,2411048350,0.21,0,0,,672,373,10
10688,"Meta Platforms, Inc.",META,Q2 13,30-06-2013,15-07-2013,15-07-2014,1599,214,,1813,465,,465,1348,269,173,442,344,,,,,,,,,,786,,562,9,0,9,,,,9,,553,218.2551834,-6.255183413,212,0.388990826,341,,,,-2,,339,,,,0.140839219,,,,0.135491607,,,,2407000000,,,,2502000000,,,,,,,,0,,554,784,1016,11,33,29,62,151,224,1813,454,1359,235,186,144,0,0,565,794,0,9,9,8,777,302.2458716,474.7541284,,474.7541284,0.189749851,2502,3001,,,3001,7251,387,,26,775,,,7,,,,,,,11421,3591,-1014,2577,0,2577,,,1048,-179,869,1631,,0,,,,,95,5172,16593,,227,,,,,,,505,,316,,316,32,,1080,1500,351,1851,,,,,,,444,3375,,0,10167,10167,0,2211,,-29,,12349,,12349,15724,2167,13144,14644,333,989,230,26,224,,-4,,0,,,,,,,,,,68,445,-116,,429,,-8,,-17,42,0,2,,113,1322,-268,0,,-268,-122,,-122,-1952,1847,-105,,,0,,0,,-3,-498,0,0,0,0,,0,2,93,95,0,-91,-91,0,,,0,0,,,-153,-149,1,,676,2325,3001,1054,,,,0,,5299,24.88,24.88,1812924128,617953046,,2430877174,0.21,238713,14.22974513,,786,562,17
10688,"Meta Platforms, Inc.",META,Q3 13,30-09-2013,15-10-2013,15-10-2014,1798,218,,2016,507,,507,1509,233,171,404,369,,,,,,,,,,773,,736,16,0,16,,,,16,,720,309.8811802,-8.881180223,301,0.414600551,419,,,,-3,,416,,,,0.171193416,,,,0.164556962,,,,2430000000,,,,2528000000,,,,,,,,0,,742,1016,1304,12,34,29,63,164,239,2016,490,1526,196,188,118,0,0,502,1024,0,16,16,-6,1014,420.4049587,593.5950413,,593.5950413,0.234808165,2528,3100,,,3100,6228,342,,31,872,,,7,,,,,,,10549,3821,-1136,2685,0,2685,,,1063,-216,847,1609,,0,,,,,90,5231,15780,,207,,,,,,,453,,288,,288,36,,984,0,287,287,,,,,,,614,1885,,0,10399,10399,0,2636,,13,,13048,,13048,14933,575,13949,13949,425,525,274,2,239,,-1,,0,,,,,,,,,,62,-51,-83,,5,,9,,-20,-114,0,4,,148,950,-284,0,,-284,-16,,-16,-904,1938,1034,,,0,,0,,0,734,0,0,0,0,,0,10,130,140,0,-1591,-1591,0,,,0,0,,,-148,-1599,14,,99,3001,3100,666,,,,0,,5794,50.23,50.23,1869000000,584000000,,2453000000,0.21,210685,15.36370624,,773,736,10
10688,"Meta Platforms, Inc.",META,Q4 13,31-12-2013,15-01-2014,29-01-2015,2344,241,,2585,491,,491,2094,292,261,553,408,,,,,,,,,,961,,1133,2,0,2,,,,2,,1131,624.9098884,-17.90988836,607,0.537168142,524,,,,-3,,521,,,,0.211960944,,,,0.203674746,,,,2458000000,,,,2558000000,,,,,,,,0,,1132,1406,1732,11,42,48,90,172,273,2585,480,2105,249,232,165,0,0,646,1459,0,2,2,1,1456,782.1168142,673.8831858,,673.8831858,0.263441433,2558,3323,,,3323,8126,512,,38,1109,,,0,,,,,,,13070,4142,-1260,2882,0,2882,,,1138,-255,883,839,,0,,,,,221,4825,17895,,268,,,,,,,555,,239,,239,38,,1100,0,237,237,,,,,,,1088,2425,,0,12297,12297,0,3159,,14,,15470,,15470,17895,476,16795,16795,523,708,274,-58,273,,1,,0,,,,,,,,,,26,192,-233,,-78,,-107,,53,67,0,2,,488,1231,-483,0,,-483,-131,,-131,-3069,1164,-1905,,,0,,0,,-15,-2534,0,0,0,1478,,1478,6,324,330,0,-100,-100,0,,,0,0,,,-183,1525,1,,223,3100,3323,748,,,,0,,6337,54.649,54.649,0,0,0,2546584092,0.21,0,0,,961,1133,2
10688,"Meta Platforms, Inc.",META,FY 13,31-12-2013,15-01-2014,29-01-2015,6986,886,,7872,1875,,1875,5997,997,781,1778,1415,,,,,,,,,,3193,,2804,56,-19,37,,,,37,,2767,1291,-37,1254,0.455337691,1513,,,,-9,,1504,,,,0.621487603,,,,0.59753675,,,,2420000000,,,,2517000000,,,,,,,,0,,2791,3802,4801,42,133,127,260,604,906,7872,1832,6040,856,781,600,0,0,2237,3803,-19,56,37,13,3753,1708.882353,2044.117647,,2044.117647,0.812124611,2517,3323,,,3323,8126,512,,38,1109,,,0,,,,,,,13070,4142,-1260,2882,0,2882,,,1138,-255,883,839,,0,,,,,221,4825,17895,,268,,,,,,,555,,239,,239,38,,1100,0,237,237,,,,,,,1088,2425,,0,12297,12297,0,3159,,14,,15470,,15470,17895,476,16795,16795,1500,2722,1011,-37,906,,-7,,0,,,,,,,,,,173,676,-378,,355,,-142,,38,-38,0,8,,833,4222,-1362,0,,-1362,-368,,-368,-7433,6551,-882,,,0,,0,,-12,-2624,1478,0,1478,0,,0,26,609,635,0,-1891,-1891,0,,,0,0,,,-889,-667,8,,939,2384,3323,2860,,,,0,,6337,54.649,54.649,0,0,0,2546584092,0.21,0,0,,3193,2804,37
10688,"Meta Platforms, Inc.",META,Q1 14,31-03-2014,15-04-2014,25-04-2014,2265,237,,2502,462,,462,2040,323,187,510,455,,,,,,,,,,965,,1075,0,0,0,,,,0,,1075,489.0482234,-56.04822335,433,0.402790698,642,,,,-3,,639,,,,0.25108055,,,,0.244921426,,,,2545000000,,,,2609000000,,,,,,,,0,,1075,1339,1638,12,43,38,81,181,274,2502,448,2054,276,259,145,0,0,680,1374,0,0,0,0,1374,553.4344186,820.5655814,,820.5655814,0.314513446,2609,2998,,,2998,9631,425,,31,1006,,,0,,,,,,,14060,4370,-1296,3074,0,3074,,,1138,-296,842,1682,,0,,,,,212,5810,19870,,273,,,,,,,525,,201,,201,38,,1037,0,191,191,,,,,,,1063,2291,,0,12921,12921,0,3801,,15,,16737,,16737,19028,392,17991,17991,642,643,264,-1,274,,-3,,0,,,,,,,,,,-4,113,105,,-4,,16,,-3,-27,0,0,,26,1285,-363,0,,-363,0,,0,-2974,1466,-1508,,,0,,0,,-1,-1872,0,0,0,0,,0,1,348,349,0,-84,-84,0,,,0,0,,,-3,262,0,,-325,3323,2998,922,,,,0,,6818,60.24,60.24,0,0,0,2564000000,0.21,0,0,,965,1075,0
10688,"Meta Platforms, Inc.",META,Q2 14,30-06-2014,15-07-2014,02-02-2024,2676,234,,2910,473,,473,2437,358,197,555,492,,,,,,,,,,1047,,1390,0,0,0,,,,0,,1390,670.8883249,-75.88832487,595,0.429292929,795,,,,-3,,792,,,,0.309375,,,,0.302868069,,,,2560000000,,,,2615000000,,,,,,,,0,,1386,1643,1965,16,50,29,79,219,314,2910,457,2453,306,267,168,0,0,741,1712,0,0,0,4,1708,733.2323232,974.7676768,,974.7676768,0.372760106,2615,4384,,,4384,9572,411,,33,1190,,,0,,,,,,,15557,4794,-1460,3334,0,3334,,,1152,-337,815,1672,,0,,,,,206,6027,21584,,322,,,,,,,666,,173,,173,53,,1214,0,153,153,,,,,,,1056,2423,,0,13759,13759,0,4592,,-5,,18346,,18346,20769,326,19555,19555,791,550,257,-33,314,,-5,,0,,,,,,,,,,-19,36,-187,,14,,2,,67,102,0,15,,23,1341,-469,0,,-469,-19,,-19,-1508,1576,68,,,0,,0,,-2,-422,0,0,0,0,,0,1,535,536,0,-66,-66,0,,,0,0,,,0,470,-3,,1386,2998,4384,872,,,,0,,7185,67.29,67.29,2013000000,562000000,,2575000000,0.21,130147,29.75303342,,1047,1390,4
10688,"Meta Platforms, Inc.",META,Q3 14,30-09-2014,15-10-2014,30-10-2014,2957,246,,3203,565,,565,2638,374,259,633,608,,,,,,,,,,1241,,1397,23,-27,-4,,,,-4,,1401,598.6040609,-68.60406091,530,0.40365575,871,,,,-4,,867,,,,0.335137225,,,,0.327912254,,,,2587000000,,,,2644000000,,,,,,,,0,,1309,1598,2044,16,53,41,94,243,353,3203,522,2681,319,350,192,0,0,861,1820,-27,23,-4,65,1759,710.0304646,1048.969535,,1048.969535,0.39673583,2644,8999,,,8999,5251,502,,35,1363,,,0,,,,,,,16115,5319,-1616,3703,0,3703,,,1648,-391,1257,2612,,0,,,,,441,8013,24128,,328,,,,,,,709,,149,,149,48,,1234,0,129,129,,,,,,,1587,2950,,0,15949,15949,0,5398,,-109,,21238,,21238,24188,278,22954,22954,806,442,289,4,353,,-3,,0,,,,,,,,,,-3,-198,-182,,-55,,-176,,-74,123,0,-12,,178,1248,-482,0,,-482,-735,,-735,-1733,6059,4326,,,0,,0,,-112,2997,0,0,0,0,,0,5,482,487,0,-49,-49,0,,,0,0,,,0,438,-68,,4615,4384,8999,766,,,,0,,8348,79.04,79.04,2044000000,564000000,,2608000000,0.21,128683,34.63642999,,1241,1397,84
10688,"Meta Platforms, Inc.",META,Q4 14,31-12-2014,15-01-2015,28-01-2016,3594,257,,3851,653,,653,3198,624,330,954,1111,,,,,,,,,,2065,,1133,0,0,0,,,,0,,1133,466.4593909,-53.45939086,413,0.370736086,720,,,,-5,,715,,,,0.258964143,,,,0.25390625,,,,2761000000,,,,2816000000,,,,,,,,0,,1114,1547,2456,18,103,90,193,685,845,3851,635,3216,519,420,235,0,0,1174,2042,0,0,0,19,2023,749.9991023,1273.000898,,1273.000898,0.452059978,2816,4315,,,4315,6884,513,,39,1678,,,0,,,,,,,13390,5784,-1817,3967,0,3967,,,4498,-569,3929,17981,,0,,,,,699,26576,39966,,378,,,,,,,866,,114,,114,66,,1424,0,119,119,,,,,,,2327,3870,,0,30225,30225,0,6099,,-228,,36096,,36096,39966,233,38542,38542,701,882,433,-180,845,,-5,,0,,,,,,,,,,2,-213,-346,,-78,,-58,,13,130,0,7,,119,1583,-517,0,,-517,-4221,,-4221,-2889,1246,-1643,,,0,,0,,-235,-6616,0,0,0,0,,0,11,504,515,0,-44,-44,0,,,0,0,,,-70,401,-52,,-4684,8999,4315,1066,,,,0,,9199,78.02,78.02,0,0,0,2797000000,0.21,0,0,,2065,1133,0
10688,"Meta Platforms, Inc.",META,FY 14,31-12-2014,15-01-2015,28-01-2016,11492,974,,12466,2153,,2153,10313,1680,973,2653,2666,,,,,,,,,,5319,,4994,23,-27,-4,,,,-4,,4998,2225,-255,1970,0.401221996,3028,,,,-15,,3013,,,,1.152639633,,,,1.131006006,,,,2614000000,,,,2664000000,,,,,,,,0,,4906,6149,8043,62,249,198,447,1328,1786,12466,2088,10378,1422,1305,763,0,0,3490,6888,-27,23,-4,88,6804,2729.91446,4074.08554,,4074.08554,1.529311389,2664,4315,,,4315,6884,513,,39,1678,,,0,,,,,,,13390,5784,-1817,3967,0,3967,,,4498,-569,3929,17981,,0,,,,,699,26576,39966,,378,,,,,,,866,,114,,114,66,,1424,0,119,119,,,,,,,2327,3870,,0,30225,30225,0,6099,,-228,,36096,,36096,39966,233,38542,38542,2940,2517,1243,-210,1786,,-16,,0,,,,,,,,,,-24,-262,-610,,-123,,-216,,3,328,0,10,,346,5457,-1831,0,,-1831,-4975,,-4975,-9104,10347,1243,,,0,,0,,-350,-5913,0,0,0,0,,0,18,1869,1887,0,-243,-243,0,,,0,0,,,-73,1571,-123,,992,3323,4315,3626,,,,0,,9199,78.02,78.02,0,0,0,2797000000,0.21,0,0,,5319,4994,-4
10688,"Meta Platforms, Inc.",META,Q1 15,31-03-2015,15-04-2015,23-04-2015,3317,226,,3543,654,,654,2889,620,274,894,1062,,,,,,,,,,1956,,933,2,-4,-2,,,,-2,,935,556.0893855,-136.0893855,420,0.450643777,515,,,,-3,,512,,,,0.183908046,,,,0.180535966,,,,2784000000,,,,2836000000,,,,,,,,0,,930,1387,2294,17,72,48,120,566,694,3543,592,2951,442,469,200,0,0,1111,1840,-4,2,-2,3,1839,828.7339056,1010.266094,,1010.266094,0.356229229,2836,3419,,,3419,8994,1083,,42,1508,,,0,,,,,,,15004,6574,-1955,4619,0,4619,,,4522,-748,3774,18005,,0,,,,,605,27003,42007,,318,,,,,,,1300,,73,,73,55,,1746,0,113,113,,,,,,,2647,4506,,0,31337,31337,0,6611,,-447,,37501,,37501,42007,186,40261,40261,512,1188,457,-223,694,,0,,0,,,,,,,,,,6,254,84,,-43,,-32,,-28,134,0,-10,,149,1700,-502,0,,-502,-257,,-257,-3055,947,-2108,,,0,,0,,23,-2844,0,0,0,0,,0,0,423,423,0,-47,-47,0,,,0,0,,,-5,371,-123,,-896,4315,3419,1198,,,,0,,10082,82.22,82.22,0,0,0,2806000000,0.21,0,0,,1956,933,-2
10688,"Meta Platforms, Inc.",META,Q2 15,30-06-2015,15-07-2015,31-07-2015,3827,215,,4042,668,,668,3374,626,305,931,1170,,,,,,,,,,2101,,1273,4,-9,-5,,,,-5,,1278,733.5083799,-179.5083799,554,0.435192459,724,,,,-4,,720,,,,0.25751073,,,,0.252631579,,,,2796000000,,,,2850000000,,,,,,,,0,,1268,1727,2682,21,82,57,139,603,763,4042,601,3441,440,550,223,0,0,1213,2228,-9,4,-5,5,2228,969.6087981,1258.391202,,1258.391202,0.441540773,2850,5123,,,5123,9002,1011,,47,1815,,,0,,,,,,,16951,6916,-1961,4955,0,4955,,,4533,-928,3605,18025,,0,,,,,594,27179,44130,,321,,,,,,,1472,,39,,39,49,,1881,0,110,110,,,,,,,2687,4678,,0,32479,32479,0,7330,,-357,,39452,,39452,44130,149,42249,42249,719,1161,459,-66,763,,0,,0,,,,,,,,,,1,4,-282,,-47,,7,,25,107,0,-7,,201,1880,-549,0,,-549,-25,,-25,-2505,2494,-11,,,0,,0,,21,-564,0,0,0,0,,0,0,386,386,0,-37,-37,0,,,0,0,,,-7,342,46,,1704,3419,5123,1331,,,,0,,10955,85.77,85.77,2256000000,558000000,,2814000000,0.21,166483,54.31157031,,2101,1273,0
10688,"Meta Platforms, Inc.",META,Q3 15,30-09-2015,15-10-2015,05-11-2015,4299,202,,4501,720,,720,3781,706,345,1051,1271,,,,,,,,,,2322,,1459,6,-13,-7,,,,-7,,1466,1265.765363,-729.7653631,536,0.374301676,930,,,,-5,,925,,,,0.329415954,,,,0.32308767,,,,2808000000,,,,2863000000,,,,,,,,0,,1425,1911,2862,21,82,56,138,598,757,4501,655,3846,520,653,263,0,0,1436,2410,-13,6,-7,34,2383,891.9608939,1491.039106,,1491.039106,0.520796055,2863,4308,,,4308,11526,1295,,55,2010,,,0,,,,,,,19139,7370,-2035,5335,0,5335,,,4545,-1108,3437,18024,,0,,,,,534,27330,46469,,390,,,,,,,1338,,17,,17,47,,1792,0,109,109,,,,,,,3148,5049,,0,33574,33574,0,8226,,-380,,41420,,41420,46469,126,44677,44677,896,1296,486,-383,757,,0,,0,,,,,,,,,,6,430,-207,,-55,,29,,50,50,0,-1,,564,2192,-780,0,,-780,-27,,-27,-4773,2247,-2526,,,0,,0,,33,-3300,0,0,0,0,,0,0,346,346,0,-23,-23,0,,,0,0,,,-8,315,-22,,-815,5123,4308,1412,,,,0,,11996,89.9,89.9,2268000000,558000000,,2826000000,0.21,156790,56.36054378,,2322,1459,27
10688,"Meta Platforms, Inc.",META,Q4 15,31-12-2015,15-01-2016,03-02-2017,5637,204,,5841,824,,824,5017,772,371,1143,1314,,,,,,,,,,2457,,2560,11,-26,-15,,,,-15,,2575,2052.234637,-1057.234637,995,0.389127884,1580,,,,-7,,1573,,,,0.556814159,,,,0.546560111,,,,2825000000,,,,2878000000,,,,,,,,0,,2542,3085,4048,22,84,57,141,583,746,5841,747,5094,583,700,288,0,0,1571,3523,-26,11,-15,18,3520,1369.730153,2150.269847,,2150.269847,0.747140322,2878,4907,,,4907,13527,659,,68,2559,,,0,,,,,,,21652,7819,-2132,5687,0,5687,,,4523,-1277,3246,18026,,0,,,,,796,27755,49407,,413,,,,,,,1449,,7,,7,56,,1925,0,107,107,,,,,,,3157,5189,,0,34886,34886,0,9787,,-455,,44218,,44218,49407,114,47482,47482,1562,1831,543,-123,746,,566,,0,,,,,,,,,,3,96,-568,,1,,-7,,-12,222,0,9,,451,3393,-692,0,,-692,-4,,-4,-5605,3550,-2055,,,0,,0,,25,-2726,0,0,0,0,,0,0,0,0,0,-12,-12,0,,,0,0,,,0,-12,-56,,599,4308,4907,2701,,,,0,,12691,104.66,104.66,0,0,0,2845000000,0.21,0,0,,2457,2560,-15
10688,"Meta Platforms, Inc.",META,FY 15,31-12-2015,15-01-2016,26-04-2018,17079,849,,17928,2867,,2867,15061,2725,1295,4020,4816,,,,,,,,,,8836,,6225,23,-52,-29,,,,-29,,6254,3318,-812,2506,0.404585082,3748,,,,-19,,3729,,,,1.330360328,,,,1.307045216,,,,2803000000,,,,2853000000,,,,,,,,0,,6165,8110,11886,81,320,218,538,2350,2960,17928,2597,15331,1985,2371,974,0,0,5330,10001,-52,23,-29,60,9970,4033.713271,5936.286729,,5936.286729,2.080717395,2853,4907,,,4907,13527,659,,68,2559,,,0,,,,,,,21652,7819,-2132,5687,0,5687,,,4523,-1277,3246,18026,,0,,,,,796,27755,49407,,413,,,,,,,1449,,7,,7,56,,1925,0,107,107,,,,,,,3157,5189,,0,34886,34886,0,9787,,-455,,44218,,44218,49407,114,47482,47482,3688,6632,1945,-795,2960,,1721,,0,,,,,,,,,,17,784,-973,,-144,,-3,,35,513,0,-9,,1365,10320,-2523,0,,-2523,-313,,-313,-15938,9238,-6700,,,0,,0,,102,-9434,0,0,0,0,,0,0,0,0,0,-119,-119,0,,,0,0,,,-20,-139,-155,,592,4315,4907,7797,,,,0,,12691,104.66,104.66,0,0,0,2845000000,0.21,0,0,,8836,6225,-29
10688,"Meta Platforms, Inc.",META,Q1 16,31-03-2016,15-04-2016,04-05-2017,5201,181,,5382,838,,838,4544,826,365,1191,1343,,,,,,,,,,2534,,2010,2,-29,-27,,,,-27,,2037,393.1438505,-65.1438505,328,0.158760891,1709,,,,-6,,1703,,,,0.599015125,,,,0.586230637,,,,2843000000,,,,2905000000,,,,,,,,0,,2039,2591,3558,22,82,56,138,586,746,5382,770,4612,635,719,281,0,0,1635,2977,-29,2,-27,-29,3033,481.5217812,2551.478219,,2551.478219,0.878305755,2905,6456,,,6456,14165,843,,63,2348,,,0,,,,,,,23812,8813,-2346,6467,0,6467,,,4524,-1457,3067,18029,,0,,,,,700,28263,52075,,365,,,,,,,1389,,0,,0,55,,1809,0,0,0,,,,,,,3116,4925,,0,36129,36129,0,11297,,-276,,47150,,47150,52075,0,50266,50266,1738,1739,552,-77,746,,0,,0,,,,,,,,,,13,505,267,,-107,,15,,-1,-18,0,-2,,351,3477,-1132,0,,-1132,-1,,-1,-3126,2550,-576,,,0,,0,,33,-1676,0,0,0,0,,0,0,0,0,0,-312,-312,0,,,0,0,,,2,-310,58,,1549,4907,6456,2345,,,,0,,13598,114.1,114.1,0,0,0,2860000000,0.21,0,0,,2534,2010,-27
10688,"Meta Platforms, Inc.",META,Q2 16,30-06-2016,15-07-2016,29-07-2021,6239,197,,6436,917,,917,5519,901,413,1314,1471,,,,,,,,,,2785,,2734,2,-34,-32,,,,-32,,2766,565.7435897,-94.74358974,471,0.171023965,2295,,,,-7,,2288,,,,0.801120448,,,,0.783293393,,,,2856000000,,,,2921000000,,,,,,,,0,,2722,3307,4337,29,95,62,157,631,817,6436,833,5603,696,817,326,0,0,1839,3764,-34,2,-32,12,3784,647.1546841,3136.845316,,3136.845316,1.073894322,2921,5108,,,5108,18185,916,,67,2801,,,0,,,,,,,27010,9756,-2652,7104,0,7104,,,4529,-1650,2879,18043,,0,,,,,703,28729,55739,,362,,,,,,,1770,,0,,0,79,,2211,0,0,0,,,,,,,3145,5356,,0,37405,37405,0,13352,,-374,,50383,,50383,55739,0,53528,53528,2283,1382,585,-101,817,,0,,0,,,,,,,,,,6,75,-492,,-150,,-11,,-24,432,0,25,,295,3665,-995,0,,-995,-19,,-19,-6509,2511,-3998,,,0,,0,,41,-4971,0,0,0,0,,0,0,0,0,0,0,0,0,,,0,0,,,4,4,-46,,-1348,6456,5108,2670,,,,0,,14495,114.28,114.28,2322000000,548000000,,2870000000,0.21,134301,66.40827135,,2785,2734,-20
10688,"Meta Platforms, Inc.",META,Q3 16,30-09-2016,15-10-2016,29-07-2021,6816,195,,7011,987,,987,6024,926,439,1365,1542,,,,,,,,,,2907,,3117,3,-53,-50,,,,-50,,3167,643.6531943,-106.6531943,537,0.169721871,2630,,,,-7,,2623,,,,0.913618948,,,,0.894916411,,,,2871000000,,,,2931000000,,,,,,,,0,,3114,3705,4744,30,95,63,158,636,824,7011,901,6110,720,883,351,0,0,1954,4156,-53,3,-50,3,4203,713.341024,3489.658976,,3489.658976,1.19060354,2931,6038,,,6038,20102,1118,,83,3070,,,0,,,,,,,30328,10778,-2879,7899,0,7899,,,4547,-1845,2702,18085,,0,,,,,660,29346,59674,,499,,,,,,,2018,,0,,0,78,,2595,0,0,0,,,,,,,2964,5559,,0,38756,38756,0,15731,,-372,,54115,,54115,59674,0,57079,57079,2627,1409,591,-23,824,,0,,0,,,,,,,,,,4,13,-253,,-57,,42,,24,228,0,-2,,31,4036,-1095,0,,-1095,-61,,-61,-7733,5764,-1969,,,0,,0,,8,-3117,0,0,0,0,,0,0,0,0,0,0,0,0,,,0,0,,,-8,-8,19,,930,5108,6038,2941,,,,0,,15724,128.27,128.27,2336000000,546000000,,2882000000,0.21,125997,68.64268951,,2907,3117,-47
10688,"Meta Platforms, Inc.",META,Q4 16,31-12-2016,15-01-2017,01-02-2018,8629,180,,8809,1047,,1047,7762,1118,515,1633,1563,,,,,,,,,,3196,,4566,3,-60,-57,,,,-57,,4623,1155.459365,-190.4593655,965,0.2128833,3658,,,,-7,,3651,,,,1.266828591,,,,1.242682097,,,,2882000000,,,,2938000000,,,,,,,,0,,4476,5090,6122,32,96,62,158,641,831,8809,960,7849,920,903,429,0,0,2252,5597,-60,3,-57,89,5565,1184.695566,4380.304434,,4380.304434,1.490913694,2938,8903,,,8903,20546,959,,94,3993,,,0,,,,,,,34401,11803,-3212,8591,0,8591,,,4563,-2028,2535,18122,,0,,,,,1312,30560,64961,,582,,,,,,,2203,,0,,0,90,,2875,0,0,0,,,,,,,2892,5767,,0,38227,38227,0,21670,,-703,,59194,,59194,64961,0,62086,62086,3568,1362,614,-256,831,,0,,0,,,,,,,,,,7,166,-1011,,155,,-32,,82,372,0,14,,586,4930,-1269,0,,-1269,-41,,-41,-4974,4330,-644,,,0,,0,,-21,-1975,0,0,0,0,,0,0,0,0,0,0,0,0,,,0,0,,,4,4,-94,,2865,6038,8903,3661,,,,0,,17048,115.05,115.05,0,0,0,2892000000,0.21,0,0,,3196,4566,-57
10688,"Meta Platforms, Inc.",META,FY 16,31-12-2016,15-01-2017,31-01-2019,26885,753,,27638,3789,,3789,23849,3772,1731,5503,5919,,,,,,,,,,11422,,12427,10,-176,-166,,,,-166,,12593,2758,-457,2301,0.183815306,10292,,,,-29,,10263,,,,3.584701362,,,,3.508717949,,,,2863000000,,,,2925000000,,,,,,,,0,,12352,14694,18761,113,368,243,611,2494,3218,27638,3464,24174,2971,3322,1387,0,0,7680,16494,-176,10,-166,75,16585,3048.576849,13536.42315,,13536.42315,4.627836975,2925,8903,,,8903,20546,959,,94,3993,,,0,,,,,,,34401,11803,-3212,8591,0,8591,,,4563,-2028,2535,18122,,0,,,,,1312,30560,64961,,582,,,,,,,2203,,0,,0,90,,2875,0,0,0,,,,,,,2892,5767,,0,38227,38227,0,21670,,-703,,59194,,59194,64961,0,62086,62086,10217,5891,2342,-457,3218,,0,,0,,,,,,,,,,30,758,-1489,,-159,,14,,81,1014,0,35,,1262,16108,-4491,0,,-4491,-123,,-123,-22341,15155,-7186,,,0,,0,,8,-11792,0,0,0,0,,0,0,0,0,0,-312,-312,0,,,0,0,,,2,-310,-63,,3943,5166,9109,11617,,,,0,,17048,115.05,115.05,0,0,0,2892000000,0.21,0,0,,11422,12427,-166
10688,"Meta Platforms, Inc.",META,Q1 17,31-03-2017,15-04-2017,26-04-2018,7857,175,,8032,1159,,1159,6873,1057,655,1712,1834,,,,,,,,,,3546,,3327,1,-68,-67,,,,-67,,3394,371.6085837,-27.60858369,344,0.100938967,3050,,,,-5,,3045,,,,1.053268765,,,,1.034307065,,,,2891000000,,,,2944000000,,,,,,,,0,,3341,4012,4879,34,96,67,163,670,867,8032,1125,6907,961,1164,588,0,0,2713,4194,-68,1,-67,-14,4275,431.5140845,3843.485915,,3843.485915,1.305531901,2944,7104,,,7104,25202,1209,,86,3415,,,0,,,,,,,36930,13032,-3570,9462,0,9462,,,4563,-2203,2360,18126,,0,,,,,1836,31784,68714,,448,,,,,,,2400,,0,,0,80,,2928,0,0,0,,,,,,,3598,6526,,0,38639,38639,0,24175,,-626,,62188,,62188,68714,0,65786,65786,3064,1994,671,-84,867,,0,,0,,,,,,,,,,5,535,609,,-365,,31,,-13,61,0,-10,,222,5058,-1271,0,,-1271,0,,0,-6992,2361,-4631,,,0,,0,,-18,-5920,0,-228,-228,0,,0,0,0,0,0,0,0,0,,,0,0,,,-764,-992,28,,-1826,9109,7283,3787,,,,0,,18770,116.05,116.05,0,0,0,2898000000,0.21,0,0,,3546,3327,-67
10688,"Meta Platforms, Inc.",META,Q2 17,30-06-2017,15-07-2017,26-07-2018,9164,157,,9321,1237,,1237,8084,1124,640,1764,1919,,,,,,,,,,3683,,4401,1,-92,-91,,,,-91,,4492,641.6729614,-47.67296137,594,0.132352941,3898,,,,-4,,3894,,,,1.342758621,,,,1.319552694,,,,2900000000,,,,2951000000,,,,,,,,0,,4397,5125,6157,47,120,78,198,787,1032,9321,1190,8131,1004,1132,562,0,0,2698,5433,-92,1,-91,4,5520,730.5882353,4789.411765,,4789.411765,1.622979249,2951,6252,,,6252,29200,1455,,90,3897,,,0,,,,,,,40804,14668,-4040,10628,0,10628,,,4563,-2377,2186,18129,,0,,,,,2096,33039,73843,,601,,,,,,,2626,,0,,0,88,,3315,0,0,0,,,,,,,4047,7362,,0,39291,39291,0,27560,,-370,,66481,,66481,73843,0,70528,70528,3894,1466,728,26,1032,,0,,0,,,,,,,,,,8,-328,-386,,-212,,51,,-35,96,0,6,,152,5360,-1444,0,,-1444,-8,,-8,-7145,3135,-4010,,,0,,0,,-4,-5466,0,-150,-150,0,,0,0,0,0,0,0,0,0,,,0,0,,,-719,-869,94,,-881,7283,6402,3916,,,,0,,20658,117.05,117.05,2371000000,532000000,,2903000000,0.21,119334,86.44141703,,3683,4401,-87
10688,"Meta Platforms, Inc.",META,Q3 17,30-09-2017,15-10-2017,31-10-2018,10142,186,,10328,1448,,1448,8880,1170,536,1706,2052,,,,,,,,,,3758,,5122,2,-110,-108,,,,-108,,5230,571.4562232,-42.45622318,529,0.101031322,4701,,,,-3,,4698,,,,1.617768595,,,,1.589309878,,,,2904000000,,,,2956000000,,,,,,,,0,,5128,5901,6911,47,114,73,187,776,1010,10328,1401,8927,1056,1276,463,0,0,2795,6132,-110,2,-108,-6,6246,631.0416348,5614.958365,,5614.958365,1.899512302,2956,7201,,,7201,31088,1490,,103,4424,,,0,,,,,,,44203,16446,-4288,12158,0,12158,,,4600,-2550,2050,18213,,0,,,,,2374,34795,78998,,697,,,,,,,2503,,0,,0,105,,3305,0,0,0,,,,,,,4485,7790,,0,40199,40199,0,31209,,-200,,71208,,71208,78998,0,75693,75693,4707,1421,773,-94,1010,,0,,0,,,,,,,,,,7,-275,-458,,-57,,47,,63,-62,0,16,,176,6128,-1755,0,,-1755,-98,,-98,-6273,4381,-1892,,,0,,0,,16,-3729,0,-640,-640,0,,0,0,0,0,0,0,0,0,,,0,0,,,-892,-1532,70,,937,6402,7339,4373,,,,0,,23165,118.05,118.05,2385000000,521000000,,2906000000,0.21,111710,89.06289804,,3758,5122,-114
10688,"Meta Platforms, Inc.",META,Q4 17,31-12-2017,15-01-2018,31-01-2019,12779,193,,12972,1611,,1611,11361,1374,686,2060,1949,,,,,,,,,,4009,,7352,2,-128,-126,,,,-126,,7478,3449.262232,-255.2622318,3194,0.428035379,4284,,,,-2,,4282,,,,1.472996216,,,,1.449559919,,,,2907000000,,,,2954000000,,,,,,,,0,,7336,8189,9002,50,106,71,177,587,814,12972,1561,11411,1268,1362,615,0,0,3245,8166,-128,2,-126,17,8275,3541.992763,4733.007237,,4733.007237,1.602236708,2954,8079,,,8079,33632,1020,,189,5832,,,0,,,,,,,48563,18337,-4616,13721,0,13721,,,4604,-2720,1884,18221,,0,,,,,2135,35961,84524,,770,,,,,,,2892,,0,,0,98,,3760,0,0,0,,,,,,,6417,10177,,0,40584,40584,0,33990,,-227,,74347,,74347,84524,0,80764,80764,4268,3402,853,-225,814,,0,,0,,,,,,,,,,5,1955,-1374,,441,,26,,123,215,0,-7,,2531,7670,-2262,0,,-2262,-17,,-17,-5272,2555,-2717,,,0,,0,,-7,-5003,0,-958,-958,0,,0,0,0,0,0,0,0,0,,,0,0,,,-884,-1842,40,,865,7339,8204,5408,,,,0,,25105,119.05,119.05,0,0,0,2906000000,0.21,0,0,,4009,7352,-126
10688,"Meta Platforms, Inc.",META,FY 17,31-12-2017,15-01-2018,31-01-2019,39942,711,,40653,5454,,5454,35199,4725,2517,7242,7754,,,,,,,,,,14996,,20203,6,-398,-392,,,,-392,,20595,5034,-374,4660,0.226279499,15935,,,,-14,,15921,,,,5.488107549,,,,5.385994587,,,,2901000000,,,,2956000000,,,,,,,,0,,20202,23227,26950,178,436,289,725,2820,3723,40653,5276,35377,4289,4934,2228,0,0,11451,23926,-398,6,-392,1,24317,5502.438574,18814.56143,,18814.56143,6.36487193,2956,8079,,,8079,33632,1020,,189,5832,,,0,,,,,,,48563,18337,-4616,13721,0,13721,,,4604,-2720,1884,18221,,0,,,,,2135,35961,84524,,770,,,,,,,2892,,0,,0,98,,3760,0,0,0,,,,,,,6417,10177,,0,40584,40584,0,33990,,-227,,74347,,74347,84524,0,80764,80764,15934,8282,3025,-377,3723,,0,,0,,,,,,,,,,24,1887,-1609,,-192,,154,,138,309,0,4,,3083,24216,-6733,0,,-6733,-122,,-122,-25682,12432,-13250,,,0,,0,,-13,-20118,0,-1976,-1976,0,,0,0,0,0,0,0,0,0,,,0,0,,,-3259,-5235,232,,-905,9109,8204,17483,,,,0,,25105,120.05,120.05,0,0,0,2906000000,0.21,0,0,,14996,20203,-392
10688,"Meta Platforms, Inc.",META,Q1 18,31-03-2018,15-04-2018,25-04-2019,11795,171,,11966,1927,,1927,10039,1595,757,2352,2238,,,,,,,,,,4590,,5449,2,-147,-145,,,,-145,,5594,565.5241613,56.47583872,622,0.11087344,4972,,,,-1,,4971,,,,1.710598761,,,,1.687945671,,,,2906000000,,,,2945000000,,,,,,,,0,,5465,6414,7369,56,109,72,181,718,955,11966,1871,10095,1486,1520,685,0,0,3691,6404,-147,2,-145,-16,6565,727.8841355,5837.115865,,5837.115865,1.982042738,2945,12082,,,12082,31874,1341,,204,5115,,,0,,,,,,,50412,21292,-5081,16211,0,16211,,,4624,-2889,1735,18268,,0,,,,,2319,38533,88945,,989,,,,,,,4003,,0,,0,94,,5086,0,0,0,,,,,,,6239,11325,,0,41134,41134,0,36780,,-294,,77620,,77620,88945,0,83859,83859,4988,2872,949,-47,955,,0,,0,,,,,,,,,,8,1007,788,,-365,,22,,3,707,0,-5,,-143,7860,-2812,0,,-2812,0,,0,-4022,5597,1575,,,0,,0,,-50,-1287,0,-1774,-1774,0,,0,0,0,0,0,0,0,0,,,0,0,,,-829,-2603,36,,4006,8204,12210,5048,,,,0,,27742,121.05,121.05,0,0,0,2902000000,0.21,0,0,,4590,5449,-145
10688,"Meta Platforms, Inc.",META,Q2 18,30-06-2018,15-07-2018,26-07-2018,13038,193,,13231,2214,,2214,11017,1855,776,2631,2523,,,,,,,,,,5154,,5863,2,-145,-143,,,,-143,,6006,693.7217605,68.27823946,762,0.129856851,5244,,,,0,,5244,,,,1.811398964,,,,1.789761092,,,,2895000000,,,,2930000000,,,,,,,,0,,5725,6759,7945,74,139,92,231,881,1186,13231,2140,11091,1716,1642,684,0,0,4042,7049,-145,2,-143,138,7054,916.0102249,6137.989775,,6137.989775,2.094877056,2930,11552,,,11552,30757,1934,,198,5590,,,0,,,,,,,49833,23918,-5561,18357,0,18357,,,4620,-3047,1573,18263,,0,,,,,2265,40458,90291,,859,,,,,,,3720,,0,,0,91,,4670,0,0,0,,,,,,,6239,10909,,0,41832,41832,0,38237,,-687,,79382,,79382,90291,0,85621,85621,5106,1193,1034,101,1186,,0,,0,,,,,,,,,,10,-1138,-627,,-535,,-77,,100,-17,0,0,,18,6299,-3459,0,,-3459,-16,,-16,-4261,5353,1092,,,0,,0,,0,-2383,0,-3349,-3349,0,,0,0,0,0,0,0,0,0,,,0,0,,,-923,-4272,-186,,-542,12210,11668,2840,,,,0,,30275,122.05,122.05,2413000000,478000000,,2891000000,0.21,102527,114.5686708,,5154,5863,-5
10688,"Meta Platforms, Inc.",META,Q3 18,30-09-2018,15-10-2018,31-10-2019,13539,188,,13727,2418,,2418,11309,1928,943,2871,2657,,,,,,,,,,5528,,5781,2,-178,-176,,,,-176,,5957,704.6321945,70.36780548,775,0.13108931,5182,,,,0,,5182,,,,1.796187175,,,,1.778922073,,,,2885000000,,,,2913000000,,,,,,,,0,,5736,6843,7883,72,133,87,220,748,1040,13727,2346,11381,1795,1909,856,0,0,4560,6821,-178,2,-176,45,6952,911.3328823,6040.667118,,6040.667118,2.073692797,2913,9637,,,9637,31569,1883,,207,6058,,,0,,,,,,,49147,27196,-6084,21112,0,21112,,,4654,-3203,1451,18304,,0,,,,,2438,43305,92452,,1092,,,,,,,4255,,0,,0,115,,5462,0,0,0,,,,,,,6648,12110,,0,42352,42352,0,38767,,-777,,80342,,80342,92452,0,86990,86990,5137,2359,1107,30,1040,,0,,0,,,,,,,,,,3,179,-489,,8,,-40,,100,350,0,24,,226,7496,-3343,0,,-3343,0,,0,-4375,3545,-830,,,0,,0,,-75,-4248,0,-4256,-4256,0,,0,0,0,0,0,0,0,0,,,0,0,,,-902,-5158,-14,,-1924,11668,9744,4153,,,,0,,33606,123.05,123.05,2402000000,471000000,,2873000000,0.21,90974,118.9679483,,5528,5781,-131
10688,"Meta Platforms, Inc.",META,Q4 18,31-12-2018,15-01-2019,31-01-2019,16640,274,,16914,2796,,2796,14118,2467,976,3443,2855,,,,,,,,,,6298,,7820,3,-191,-188,,,,-188,,8008,990.1218837,98.87811634,1089,0.136620248,6919,,,,0,,6919,,,,2.409122563,,,,2.397435897,,,,2872000000,,,,2886000000,,,,,,,,0,,7783,9008,9979,82,130,84,214,675,971,16914,2714,14200,2337,2180,892,0,0,5409,8791,-191,3,-188,37,8942,1221.658261,7720.341739,,7720.341739,2.675101088,2886,10019,,,10019,31095,1779,,229,7587,,,0,,,,,,,50480,31573,-6890,24683,0,24683,,,4654,-3360,1294,18301,,0,,,,,2576,46854,97334,,1361,,,,,,,5509,,0,,0,147,,7017,0,0,0,,,,,,,6190,13207,,0,42906,42906,0,41981,,-760,,84127,,84127,97334,0,90317,90317,6882,802,1225,201,971,,0,,0,,,,,,,,,,-19,-1576,-1564,,198,,-60,,174,378,0,33,,-735,7684,-4366,0,,-4366,0,,0,-1997,2635,638,,,0,,0,,-21,-3749,0,-3500,-3500,0,,0,0,0,0,0,0,0,500,,,0,0,,,-541,-3541,-14,,380,9744,10124,3318,,,,0,,35587,124.05,124.05,0,0,0,2854000000,0.21,0,0,,6298,7820,-188
10688,"Meta Platforms, Inc.",META,FY 18,31-12-2018,15-01-2019,29-01-2020,55013,825,,55838,9355,,9355,46483,7846,3451,11297,10273,,,,,,,,,,21570,,24913,9,-661,-652,,,,-652,,25565,2954,295,3249,0.12811009,22316,,,,-1,,22315,,,,7.721453287,,,,7.639507018,,,,2890000000,,,,2921000000,,,,,,,,0,,24709,29024,33176,284,511,335,846,3022,4152,55838,9071,46767,7335,7251,3116,0,0,17702,29065,-661,9,-652,204,29513,3780.913095,25732.08691,,25732.08691,8.809341631,2921,10019,,,10019,31095,1779,,229,7587,,,0,,,,,,,50480,31573,-6890,24683,0,24683,,,4654,-3360,1294,18301,,0,,,,,2576,46854,97334,,1361,,,,,,,5509,,0,,0,147,,7017,0,0,0,,,,,,,6190,13207,,0,42906,42906,0,41981,,-760,,84127,,84127,97334,0,90317,90317,22112,7162,4315,286,4152,,0,,0,,,,,,,,,,-64,-1527,-1892,,-690,,-159,,378,1417,0,53,,-634,29274,-13915,0,,-13915,-137,,-137,-14681,17130,2449,,,0,,0,,0,-11603,0,-12879,-12879,0,,0,0,0,0,0,0,0,500,,,0,0,,,-3193,-15572,-179,,1920,8204,10124,15359,,,,0,,35587,125.05,125.05,0,0,0,2854000000,0.21,0,0,,21570,24913,-652
10688,"Meta Platforms, Inc.",META,Q1 19,31-03-2019,15-04-2019,30-04-2020,14912,165,,15077,2816,,2816,12261,2020,4064,6084,2860,,,,,,,,,,8944,,3317,4,-202,-198,,,,-198,,3515,1059.657183,-6.657183499,1053,0.302412407,2462,,,,0,,2462,,,,0.862044818,,,,0.858138724,,,,2856000000,,,,2869000000,,,,,,,,0,,3284,4639,5649,87,113,87,200,723,1010,15077,2729,12348,1907,2137,3977,0,0,8021,4327,-202,4,-198,33,4492,1358.436531,3133.563469,,3133.563469,1.092214524,2869,11076,,,11076,34167,1582,,216,6475,,,0,,,,,,,53300,35002,-7657,27345,6747,34092,,,4666,-3516,1150,18333,,0,,,,,2602,56177,109477,,1141,,,,,,,7980,,645,,645,142,,9908,0,6565,6565,,,,,,,6488,22961,,0,43533,43533,0,43764,,-781,,86516,,86516,109477,7210,99569,99569,2429,6879,1355,183,1010,,0,,0,,,,,,,,,,6,4325,1070,,84,,41,,-97,3154,0,-4,,77,9308,-3837,0,,-3837,-50,,-50,-6603,3722,-2881,,,0,,0,,0,-6768,0,-613,-613,0,,0,0,0,0,0,0,0,-177,,,0,0,,,-633,-1423,-44,,1073,10124,11197,5471,,,,0,,37773,126.05,126.05,0,0,0,2856000000,0.21,0,0,,8944,3317,-198
10688,"Meta Platforms, Inc.",META,Q2 19,30-06-2019,15-07-2019,31-07-2020,16624,262,,16886,3307,,3307,13579,2414,3224,5638,3315,,,,,,,,,,8953,,4626,5,-224,-219,,,,-219,,4845,2230.009799,-14.00979927,2216,0.458609272,2629,,,,0,,2629,,,,0.92084063,,,,0.914434783,,,,2855000000,,,,2875000000,,,,,,,,0,,4613,6115,7418,109,160,107,267,927,1303,16886,3198,13688,2254,2388,3117,0,0,7759,5929,-224,5,-219,13,6135,2813.567881,3321.432119,,3321.432119,1.155280737,2875,13877,,,13877,34719,1852,,295,7513,,,0,,,,,,,57961,38751,-8752,29999,7272,37271,,,4666,-3672,994,18334,,0,,,,,2446,59045,117006,,1215,,,,,,,10878,,688,,688,198,,12979,0,7122,7122,,,,,,,8143,28244,,0,44277,44277,0,44968,,-483,,88762,,88762,117006,7810,104027,104027,2616,5999,1502,1,1303,,0,,0,,,,,,,,,,9,3184,-1006,,-252,,24,,28,2827,0,55,,1508,8615,-3633,0,,-3633,-3,,-3,-5152,4839,-313,,,0,,0,,-61,-4010,0,-1144,-1144,0,,0,0,0,0,0,0,0,58,,,0,0,,,-744,-1830,26,,2801,11197,13998,4982,,,,0,,39651,127.05,127.05,2407000000,447000000,,2854000000,0.21,102713,135.6491921,,8953,4626,-206
10688,"Meta Platforms, Inc.",META,Q3 19,30-09-2019,15-10-2019,30-10-2020,17383,269,,17652,3155,,3155,14497,2416,1348,3764,3548,,,,,,,,,,7312,,7185,6,-264,-258,,,,-258,,7443,1245.826774,-7.826774143,1238,0.168917997,6205,,,,0,,6205,,,,2.174141556,,,,2.15901183,,,,2854000000,,,,2874000000,,,,,,,,0,,7071,8487,9736,91,148,103,251,907,1249,17652,3064,14588,2268,2641,1245,0,0,6154,8434,-264,6,-258,114,8578,1448.978578,7129.021422,,7129.021422,2.480522415,2874,15979,,,15979,36290,2137,,301,7673,,,0,,,,,,,62079,41930,-9646,32284,8403,40687,,,4670,-3817,853,18338,,0,,,,,2461,62339,124418,,1450,,,,,,,10877,,776,,776,225,,13328,0,8356,8356,,,,,,,8735,30419,,0,45059,45059,0,49789,,-849,,93999,,93999,124418,9132,111090,111090,6091,3216,1416,175,1249,,0,,0,,,,,,,,,,30,346,-328,,-360,,0,,128,457,0,31,,418,9307,-3532,0,,-3532,-10,,-10,-7397,5889,-1508,,,0,,0,,0,-5050,0,-1148,-1148,0,,0,0,0,0,0,0,0,-141,,,0,0,,,-730,-2019,-156,,2082,13998,16080,5775,,,,0,,43030,128.05,128.05,2408000000,446000000,,2854000000,0.21,97642,137.2231783,,7312,7185,-144
10688,"Meta Platforms, Inc.",META,Q4 19,31-12-2019,15-01-2020,28-01-2021,20736,346,,21082,3492,,3492,17590,3026,1829,4855,3877,,,,,,,,,,8732,,8858,5,-234,-229,,,,-229,,9087,1831.506243,-11.50624309,1820,0.198494929,7267,,,,0,,7267,,,,2.547143358,,,,2.531173807,,,,2853000000,,,,2871000000,,,,,,,,0,,8940,10408,11681,90,147,105,252,931,1273,21082,3402,17680,2879,2946,1724,0,0,7549,10131,-234,5,-229,-82,10442,2072.684044,8369.315956,,8369.315956,2.915122242,2871,19079,,,19079,35776,1852,,206,9518,,,0,,,,,,,66225,45986,-10663,35323,9460,44783,,,4816,-3922,894,18715,,86,,,,,2673,67151,133376,,2249,,,,,,,11735,,800,,800,269,,15053,0,9524,9524,,,,,,,7745,32322,,0,45851,45851,0,55692,,-489,,101054,,101054,133376,10324,118323,118323,7349,1734,1468,-395,1273,,0,,0,,,,,,,,,,-6,-606,-1697,,577,,-26,,401,861,0,41,,-763,9083,-4100,0,,-4100,-445,,-445,-4758,5267,509,,,0,,0,,0,-4036,0,-1296,-1296,0,,0,0,0,0,0,0,0,37,,,0,0,,,-766,-2025,177,,3199,16080,19279,4983,,,,0,,44942,205.25,205.25,0,0,0,2852000000,0.21,0,0,,8732,8858,-229
10688,"Meta Platforms, Inc.",META,FY 19,31-12-2019,15-01-2020,28-01-2021,69655,1042,,70697,12770,,12770,57927,9876,10465,20341,13600,,,,,,,,,,33941,,23986,20,-924,-904,,,,-904,,24890,6367,-40,6327,0.254997582,18563,,,,0,,18563,,,,6.504204625,,,,6.454450626,,,,2854000000,,,,2876000000,,,,,,,,0,,23908,29649,34485,377,569,402,971,3488,4836,70697,12393,58304,9307,10112,10063,0,0,29482,28822,-924,20,-904,78,29648,7560.168306,22087.83169,,22087.83169,7.680052745,2876,19079,,,19079,35776,1852,,206,9518,,,0,,,,,,,66225,45986,-10663,35323,9460,44783,,,4816,-3922,894,18715,,86,,,,,2673,67151,133376,,2249,,,,,,,11735,,800,,800,269,,15053,0,9524,9524,,,,,,,7745,32322,,0,45851,45851,0,55692,,-489,,101054,,101054,133376,10324,118323,118323,18485,17829,5741,-37,4836,,0,,0,,,,,,,,,,39,7250,-1961,,47,,41,,461,7300,0,123,,1239,36314,-15102,0,,-15102,-508,,-508,-23971,19717,-4254,,,0,,0,,0,-19864,0,-4202,-4202,0,,0,0,0,0,0,0,0,-223,,,0,0,,,-2874,-7299,4,,9155,10124,19279,21212,,,,0,,44942,205.25,205.25,0,0,0,2852000000,0.21,0,0,,33941,23986,-904
10688,"Meta Platforms, Inc.",META,Q1 20,31-03-2020,15-04-2020,29-04-2021,17440,297,,17737,3459,,3459,14278,2787,1583,4370,4015,,,,,,,,,,8385,,5893,12,-240,-228,,,,-228,,6121,1196.016113,-237.016113,959,0.163623955,5162,,,,0,,5162,,,,1.810592774,,,,1.79986053,,,,2851000000,,,,2868000000,,,,,,,,0,,5633,7230,8565,94,149,93,242,999,1335,17737,3365,14372,2638,3016,1490,0,0,7144,7228,-240,12,-228,260,7196,1177.43798,6018.56202,,6018.56202,2.098522322,2868,23618,,,23618,36671,1771,,370,7289,,,0,,,,,,,69349,48739,-11612,37127,9359,46486,,,4871,-4033,838,18811,,0,,,,,2887,69022,138371,,1541,,,,,,,12446,,835,,835,247,,15069,0,9509,9509,,,,,,,8489,33067,,0,46688,46688,0,59160,,-544,,105304,,105304,138371,10344,123302,123302,4902,6099,1597,477,1335,,0,,0,,,,,,,,,,6,2684,2046,,-29,,-16,,-213,980,0,-16,,-68,11001,-3558,0,,-3558,0,,0,-7884,7408,-476,,,0,,0,,-75,-4109,0,-1250,-1250,0,,0,0,0,0,0,0,0,-80,,,0,0,,,-692,-2022,-222,,4648,19279,23927,7443,,,,0,,48268,166.8,166.8,0,0,0,2851000000,0.21,0,0,,8385,5893,-228
10688,"Meta Platforms, Inc.",META,Q2 20,30-06-2020,15-07-2020,29-07-2021,18321,366,,18687,3829,,3829,14858,2840,1593,4433,4462,,,,,,,,,,8895,,5963,8,-170,-162,,,,-162,,6125,1187.286068,-234.2860684,953,0.155439569,5172,,,,0,,5172,,,,1.814736842,,,,1.796457103,,,,2850000000,,,,2879000000,,,,,,,,0,,5969,7673,9368,117,187,130,317,1261,1695,18687,3712,14975,2653,3201,1463,0,0,7317,7658,-170,8,-162,-6,7826,1216.47007,6609.52993,,6609.52993,2.295772813,2879,21045,,,21045,37195,2407,,365,7483,,,0,,,,,,,68130,52088,-13082,39006,9429,48435,,,5010,-4151,859,19029,,0,,,,,3238,71561,139691,,1649,,,,,,,8496,,899,,899,264,,11308,0,9633,9633,,,,,,,8303,29244,,0,47805,47805,0,62784,,-142,,110447,,110447,139691,10532,128383,128383,5178,-1300,1704,214,1695,,0,,0,,,,,,,,,,43,-4956,-122,,-325,,3,,-45,-3995,0,15,,-487,3878,-3255,0,,-3255,-339,,-339,-6179,5841,-338,,,0,,0,,-245,-4177,0,-1369,-1369,0,,0,0,0,0,0,0,0,63,,,0,0,,,-846,-2152,93,,-2358,23927,21569,623,,,,0,,52534,227.07,227.07,2406000000,444000000,,2850000000,0.21,121436,149.677637,,8895,5963,-168
10688,"Meta Platforms, Inc.",META,Q3 20,30-09-2020,15-10-2020,26-10-2021,21221,249,,21470,4194,,4194,17276,2683,1790,4473,4763,,,,,,,,,,9236,,8040,7,-153,-146,,,,-146,,8186,357.9318294,-70.93182945,287,0.035288331,7899,,,,0,,7899,,,,2.771578947,,,,2.73227257,,,,2850000000,,,,2891000000,,,,,,,,0,,7987,9685,11407,116,180,129,309,1297,1722,21470,4078,17392,2503,3466,1661,0,0,7630,9762,-153,7,-146,53,9855,347.7665068,9507.233493,,9507.233493,3.28856226,2891,11617,,,11617,44003,2155,,311,8024,,,0,,,,,,,65799,56428,-14137,42291,9439,51730,,,5018,-4274,744,19031,,6164,,,,,2969,80638,146437,,1906,,,,,,,8684,,975,,975,379,,11944,0,9641,9641,,,,,,,7121,28706,,0,48910,48910,0,68513,,308,,117731,,117731,146437,10616,134493,134493,7846,1982,1698,-1506,1722,,0,,0,,,,,,,,,,7,61,-377,,264,,6,,197,-258,0,112,,117,9828,-3689,0,,-3689,-12,,-12,-20150,7255,-12895,,,0,,0,,-3,-16599,0,-1725,-1725,0,,0,0,0,0,0,0,0,-8,,,0,0,,,-1179,-2912,93,,-9590,21569,11979,6139,,,,0,,56653,261.9,261.9,2406000000,444000000,,2850000000,0.21,118236,155.5201572,,9236,8040,-93
10688,"Meta Platforms, Inc.",META,Q4 20,31-12-2020,15-01-2021,03-02-2022,27187,885,,28072,5210,,5210,22862,3280,1599,4879,5208,,,,,,,,,,10087,15297,12775,7,-143,-136,,,,-136,,12911,2289.765989,-453.7659891,1836,0.140635772,11075,,,,0,,11075,0,0,0,3.885964912,0,0,0,3.832179931,0,,,2850000000,,,,2890000000,,,,,,,,0,,12919,14782,16566,120,175,128,303,1361,1784,28072,5090,22982,3105,3847,1471,0,0,8423,14559,-143,7,-136,-144,14839,2086.894217,12752.10578,,12752.10578,4.412493351,2890,17576,,,17576,44378,2381,,114,11335,,,0,,,,,,,75670,61051,-15418,45633,9348,54981,,,5018,-4395,623,19050,,6234,,,,,2758,83646,159316,,2424,,,,,,,11152,,1023,,1023,382,,14981,0,9631,9631,,,,,,,6414,31026,,0,50018,50018,0,77345,,927,,128290,,128290,159316,10654,144335,144335,11219,2821,1863,-377,1784,,0,,0,,,,,,,,,,62,-511,-3059,,225,,-25,,222,2218,0,-3,,-89,14040,-4613,0,,-4613,-5,,-5,-5796,5268,-528,,,0,,0,,-27,-5173,0,-1928,-1928,0,,0,0,0,0,0,0,0,48,,,0,0,,,-1326,-3206,314,,5975,11979,17954,9427,,,,0,,0,273.16,273.16,0,0,0,2849000000,0.21,0,0,,10087,12775,-136
10688,"Meta Platforms, Inc.",META,FY 20,31-12-2020,15-01-2021,02-02-2023,84169,1796,,85965,16692,,16692,69273,11591,6564,18155,18447,,,,,,,,,,36602,53294,32671,34,-706,-672,,,,-672,,33343,5031,-997,4034,0.121579265,29309,,,,0,,29309,0,0,0,10.28025254,0,0,0,10.14854571,0,,,2851000000,,,,2888000000,,,,,,,,0,,32508,39370,45906,447,691,480,1171,4918,6536,85965,16245,69720,10900,13529,6084,0,0,30513,39207,-706,34,-672,163,39716,4828.642074,34887.35793,,34887.35793,12.08011009,2888,17576,,,17576,44378,2381,,114,11335,,,0,,,,,,,75670,61051,-15418,45633,9348,54981,,,5018,-4395,623,19050,,6234,,,,,2758,83646,159316,,2424,,,,,,,11152,,1023,,1023,382,,14981,0,9631,9631,,,,,,,6414,31026,,0,50018,50018,0,77345,,927,,128290,,128290,159316,10654,144335,144335,29146,9601,6862,-1192,6536,,0,,0,,,,,,,,,,118,-2723,-1512,,135,,-34,,161,-946,0,0,,-527,38747,-15163,48,,-15115,-388,,-388,-40291,25771,-14520,,,0,,0,,-36,-30059,0,-6272,-6272,0,,0,0,0,0,0,0,0,0,,,0,0,,,-4020,-10292,279,,-1325,19279,17954,23632,,,,0,,0,273.16,273.16,0,0,0,2849000000,0.21,0,0,,36602,32671,-672
10688,"Meta Platforms, Inc.",META,Q1 21,31-03-2021,15-04-2021,28-04-2022,25439,732,,26171,5131,,5131,21040,2843,1622,4465,5197,,,,,,,,,,9662,14793,11378,6,-124,-118,,,,-118,,11496,1851.633813,154.3661865,2006,0.17438929,9490,,,,0,,9490,0,0,0,3.333333333,0,0,0,3.292852186,0,,,2847000000,,,,2882000000,,,,,,,,0,,11385,13357,15187,118,174,130,304,1408,1830,26171,5013,21158,2669,3789,1492,0,0,7950,13208,-124,6,-118,-7,13333,2325.1324,11007.8676,,11007.8676,3.819523803,2882,19513,,,19513,44706,2827,,111,10276,,,0,,,,,,,77322,64210,-16490,47720,10202,57922,,,5018,-4513,505,19056,,6342,,,,,2376,86201,163523,,1884,,,,,,,9411,,1040,,1040,382,,12717,0,10574,10574,,,,,,,6575,29866,,0,51160,51160,0,82343,,154,,133657,,133657,163523,11614,150806,150806,9497,2745,1972,418,1830,,0,,0,,,,,,,,,,-66,-1409,849,,-461,,-10,,-322,-1681,0,6,,210,12242,-4303,31,,-4272,0,,0,-6231,5631,-600,,,0,,0,,-2,-4874,0,-3939,-3939,0,,0,0,0,0,0,0,0,-50,,,0,0,,,-1196,-5185,-246,,1937,17954,19891,7970,,,,0,,0,294.53,294.53,0,0,0,2841000000,0.21,0,0,,9662,11378,-118
10688,"Meta Platforms, Inc.",META,Q2 21,30-06-2021,15-07-2021,29-07-2021,28580,497,,29077,5399,,5399,23678,3259,1956,5215,6096,,,,,,,,,,11311,,12367,6,-127,-121,,,,-121,,12488,1955.015163,162.984837,2118,0.169343882,10370,,,,0,,10370,,,,3.659139026,,,,3.604449079,,,,2834000000,,,,2877000000,,,,,,,,0,,12392,14377,16925,163,239,179,418,1967,2548,29077,5236,23841,3020,4129,1777,0,0,8926,14915,-127,6,-121,-25,15061,2550.488212,12510.51179,,12510.51179,4.348457347,2877,16186,,,16186,47894,4919,,108,11698,,,0,,,,,,,80697,68644,-17735,50909,10525,61434,,,5149,-4635,514,19219,,6393,,,,,2352,89912,170609,,1922,,,,,,,11510,,1051,,1051,391,,14874,0,10956,10956,,,,,,,6552,32382,,0,52845,52845,0,85097,,285,,138227,,138227,170609,12007,155735,155735,10394,2852,1985,229,2548,,0,,0,,,,,,,,,,-21,-1889,-1366,,-1852,,-185,,55,1482,0,3,,-26,13246,-4641,29,,-4612,-259,,-259,-10297,7034,-3263,,,0,,0,,-61,-8195,0,-7079,-7079,0,,0,0,0,0,0,0,0,53,,,0,0,,,-1522,-8548,117,,-3380,19891,16511,8634,,,,0,,63404,347.71,347.71,2389000000,437000000,,2826000000,0.21,129874,200.8110307,,11311,12367,-146
10688,"Meta Platforms, Inc.",META,Q3 21,30-09-2021,26-10-2021,26-10-2022,28276,734,,29010,5771,,5771,23239,3554,2946,6500,6316,,,,,,,,,,12816,,10423,6,-126,-120,,,,-120,,10543,1266.421531,105.5784685,1372,0.129768102,9171,,,,0,,9171,,,,3.259061834,,,,3.207764953,,,,2814000000,,,,2859000000,,,,,,,,0,,10445,12440,14819,147,218,165,383,1849,2379,29010,5624,23386,3336,4467,2781,0,0,10584,12802,-126,6,-120,-22,12944,1679.718315,11264.28168,,11264.28168,3.93993763,2859,14496,,,14496,43579,5258,,110,12088,,,0,,,,,,,75421,72375,-18649,53726,11063,64789,,,5068,-4703,365,19065,,6758,,,,,3187,94164,169585,,3104,,,,,,,13158,,1086,,1086,464,,17812,0,11554,11554,,,,,,,6859,36225,,0,54334,54334,0,79233,,-207,,133360,,133360,169585,12640,151773,151773,9194,4897,1995,-786,2379,,0,,0,,,,,,,,,,-73,1382,-555,,-253,,11,,664,1094,0,78,,343,14091,-4345,32,,-4313,-71,,-71,-7786,11984,4198,,,0,,0,,-144,-330,0,-13457,-13457,0,,0,0,0,0,0,0,0,11,,,0,0,,,-1807,-15253,-215,,-1707,16511,14804,9778,,,,0,,68177,339.39,339.39,2376000000,417000000,,2793000000,0.21,123021,208.7833285,,12816,10423,-142
10688,"Meta Platforms, Inc.",META,Q4 21,31-12-2021,02-02-2022,02-02-2023,32639,1032,,33671,6348,,6348,27323,4387,3305,7692,7046,,,,,,,,,,14738,21086,12585,5,-107,-102,,,,-102,,12687,2231.929492,186.070508,2418,0.190284994,10269,,,,0,,10269,0,0,0,3.713924051,0,0,0,3.668810289,0,,,2765000000,,,,2799000000,,,,,,,,0,,12600,14614,17021,149,206,169,375,1882,2406,33671,6199,27472,4181,5164,3136,0,0,12481,14991,-107,5,-102,-16,15109,2875.015982,12233.98402,,12233.98402,4.370841021,2799,16601,,,16601,31397,4629,,0,14039,,,0,,,,,,,66666,77889,-20080,57809,12155,69964,,,3325,-2691,634,19197,,6775,,,,,2751,99321,165987,,5135,,,,,,,14873,,1127,,1127,0,,21135,0,12746,12746,,,,,,,7227,41108,,0,55811,55811,0,69761,,-693,,124879,,124879,165987,13873,144852,144852,10285,7819,2014,748,2406,,0,,0,,,,,,,,,,34,2617,-2038,,817,,-165,,1027,2562,0,0,,414,18104,-5401,31,,-5370,-521,,-521,-6095,17938,11843,,,0,,0,,-123,5829,0,-20063,-20063,0,,0,0,0,0,0,0,0,0,,,0,0,,,-1679,-21742,-130,,2061,14804,16865,12734,,,,0,,0,336.35,336.35,0,0,0,2741000000,0.21,0,0,,14738,12585,-102
10688,"Meta Platforms, Inc.",META,FY 21,31-12-2021,03-02-2022,02-02-2024,114934,2995,,117929,22649,,22649,95280,14043,9829,23872,24655,,,,,,,,,,48527,71176,46753,23,-484,-461,,,,-461,,47214,7305,609,7914,0.167371627,39300,,,,0,,39300,0,0,0,13.96092362,0,0,0,13.74606506,0,,,2815000000,,,,2859000000,,,,,,,,0,,46823,54790,63954,577,837,644,1481,7106,9164,117929,22072,95857,13206,17549,9185,0,0,39940,55917,-484,23,-461,-70,56448,9447.793588,47000.20641,,47000.20641,16.43938664,2859,16601,,,16601,31397,4629,,0,14039,,,0,,,,,,,66666,77889,-20080,57809,12155,69964,,,3325,-2691,634,19197,,6775,,,,,2751,99321,165987,,5135,,,,,,,14873,,1127,,1127,0,,21135,0,12746,12746,,,,,,,7227,41108,,0,55811,55811,0,69761,,-693,,124879,,124879,165987,13873,144852,144852,39370,18313,7967,609,9164,,0,,0,,,,,,,,,,-127,700,-3110,,-1750,,-349,,1424,3544,0,0,,941,57683,-18690,123,,-18567,-851,,-851,-30407,42586,12179,,,0,,0,,-331,-7570,0,-44537,-44537,0,,0,0,0,0,0,0,0,0,,,0,0,,,-6191,-50728,-474,,-1089,17954,16865,39116,,,,0,,0,336.35,336.35,0,0,0,2741000000,0.21,0,0,,48527,46753,-461
10688,"Meta Platforms, Inc.",META,Q1 22,31-03-2022,28-04-2022,24-04-2024,26998,910,,27908,6005,,6005,21903,3312,2360,5672,7707,,,,,,,,,,13379,19384,8524,5,-81,-76,,,,-76,,8600,1331.957923,111.0420773,1443,0.161989223,7157,,,,0,,7157,0,0,0,2.626422018,0,0,0,2.610138585,0,,,2725000000,,,,2742000000,,,,,,,,0,,8832,10988,13486,160,216,181,397,1941,2498,27908,5845,22063,3096,5766,2179,0,0,11041,11022,-81,5,-76,-308,11406,1847.649079,9558.350921,,9558.350921,3.485904785,2742,14886,,,14886,29004,3985,,0,11390,,,0,,,,,,,59265,83035,-21453,61582,12241,73823,,,3536,-2626,910,19923,,6775,,,,,4432,105863,165128,,3246,,,,,,,16681,,1159,,1159,0,,21086,0,12894,12894,,,,,,,7010,40990,,0,57512,57512,0,67712,,-1996,,123228,,123228,164218,14053,144042,144042,7465,6611,2156,-563,2498,,0,,0,,,,,,,,,,-221,2741,2557,,573,,-108,,-987,763,0,0,,-57,14076,-5441,126,,-5315,-853,,-853,-4068,5467,1399,,,0,,0,,-10,-4779,0,-9506,-9506,0,,0,0,0,0,0,0,0,20,,,0,0,,,-1174,-10660,-149,,-1512,16865,15353,8761,,,,0,,0,222.36,222.36,0,0,0,2714000000,0.21,0,0,,13379,8524,-76
10688,"Meta Platforms, Inc.",META,Q2 22,30-06-2022,28-07-2022,24-04-2024,28152,670,,28822,5192,,5192,23630,3595,2987,6582,8690,,,,,,,,,,15272,,8358,5,-96,-91,,,,-91,,8449,1383.648597,115.3514026,1499,0.183117518,6950,,,,0,,6950,,,,2.570266272,,,,2.561739771,,,,2704000000,,,,2713000000,,,,,,,,0,,8095,10074,13425,213,289,243,532,2606,3351,28822,4979,23843,3306,6084,2744,0,0,12134,11709,-96,5,-91,263,11537,2112.626802,9424.373198,,9424.373198,3.47378297,2713,12681,,,12681,27808,3973,,0,11525,,,0,,,,,,,55987,90022,-22434,67588,14130,81718,,,1512,-547,965,20229,,6536,,,,,5309,114757,170744,,4008,,,,,,,16934,,1275,,1275,0,,22217,0,14792,14792,,,,,,,7003,44012,,0,59929,59929,0,69249,,-3411,,125767,,125767,169779,16067,147562,147562,6687,5510,1979,-453,3351,,0,,0,,,,,,,,,,189,444,-522,,-435,,-25,,310,1180,0,0,,-64,12197,-7572,44,,-7528,-363,,-363,-2220,3159,939,,,0,,0,,-7,-6959,0,-5233,-5233,0,,0,0,0,0,0,0,0,0,,,0,0,,,-1330,-6563,-550,,-1875,15353,13478,4669,,,,0,,83553,161.25,161.25,2290000000,407000000,,2697000000,0.21,164365,209.2178208,,15272,8358,172
10688,"Meta Platforms, Inc.",META,Q3 22,30-09-2022,27-10-2022,24-04-2024,27237,477,,27714,5716,,5716,21998,3780,3384,7164,9170,,,,,,,,,,16334,,5664,65,-142,-77,,,,-77,,5741,1090.119409,90.88059136,1181,0.211800574,4560,,,,0,,4560,,,,1.700223714,,,,1.697059918,,,,2682000000,,,,2687000000,,,,,,,,0,,5499,7674,10808,209,260,218,478,2447,3134,27714,5507,22207,3520,6723,3166,0,0,13409,8798,-142,65,-77,165,8710,1844.782999,6865.217001,,6865.217001,2.554974694,2687,14308,,,14308,27468,5312,,0,11227,,,0,,,,,,,58315,97131,-23393,73738,13641,87379,,,1451,-576,875,20268,,6528,,,,,6404,121454,179769,,3871,,,,,,,17525,,1291,,1291,0,,22687,9922,14687,24609,,,,,,,7504,54800,,0,62092,62092,0,67056,,-5054,,124094,,124094,178894,25900,146285,156207,4395,5296,2175,-1097,3134,,0,,413,,,,,,,,,,104,567,-105,,-830,,-27,,-2,998,0,0,,533,9691,-9375,20,,-9355,-34,,-34,-2597,2269,-328,,,0,,0,,16,-9701,0,-6354,-6354,0,,0,0,0,0,9921,0,9921,0,,,0,0,,,-1420,2147,-364,,1773,13478,15251,336,,,,0,,87314,135.68,135.68,2262000000,403000000,,2665000000,0.21,160698,203.1804795,,16334,5664,88
10688,"Meta Platforms, Inc.",META,Q4 22,31-12-2022,02-02-2023,24-04-2024,31254,911,,32165,8336,,8336,23829,4574,3085,7659,9771,,,,,,,,,,17430,25766,6399,110,-142,-32,,,,-32,,6431,5090.274071,-3594.274071,1496,0.24345422,4935,,,,0,,4935,0,0,0,1.870735406,0,0,0,1.869318182,0,,,2638000000,,,,2640000000,,,,,,,,0,,6117,8493,11502,186,239,217,456,2366,3008,32165,8150,24015,4335,7405,2868,0,0,14608,9407,-142,110,-32,281,9158,2229.553749,6928.446251,,6928.446251,2.624411459,2640,14681,,,14681,26057,5345,,0,13466,,,0,,,,,,,59549,104493,-24975,79518,12673,92191,,,1355,-458,897,20306,,6201,,,,,7480,127075,186624,,4990,,,,,,,20669,,1367,,1367,0,,27026,9923,15301,25224,,,,,,,7764,60014,,0,64444,64444,0,64799,,-3530,,125713,,125713,185727,26591,149675,159598,4652,9859,2376,-1173,3008,,0,,1805,,,,,,,,,,1913,1930,-1698,,854,,54,,978,1303,0,0,,439,14511,-9043,55,,-8988,-62,,-62,-741,2263,1522,,,0,,0,,-3,-7531,0,-6863,-6863,0,,0,0,0,0,0,0,0,0,,,0,0,,,-196,-7059,424,,345,15251,15596,5523,,,,0,,0,120.34,120.34,0,0,0,2614000000,0.21,0,0,,17430,6399,-32
10688,"Meta Platforms, Inc.",META,FY 22,31-12-2022,02-02-2023,24-04-2024,113642,2967,,116609,25249,,25249,91360,15262,11816,27078,35338,,,,,,,,,,62416,87665,28944,185,-461,-276,,,,-276,,29220,8896,-3277,5619,0.194975537,23601,,,,0,,23601,0,0,0,8.783401563,0,0,0,8.734641007,0,,,2687000000,,,,2702000000,,,,,,,,0,,28543,37229,49221,768,1004,859,1863,9361,11992,116609,24481,92128,14258,25977,10957,0,0,51192,40936,-461,185,-276,401,40811,7957.146639,32853.85336,,32853.85336,12.15908711,2702,14681,,,14681,26057,5345,,0,13466,,,0,,,,,,,59549,104493,-24975,79518,12673,92191,,,1355,-458,897,20306,,6201,,,,,7480,127075,186624,,4990,,,,,,,20669,,1367,,1367,0,,27026,9923,15301,25224,,,,,,,7764,60014,,0,64444,64444,0,64799,,-3530,,125713,,125713,185727,26591,149675,159598,23200,27275,8686,-3286,11992,,0,,2218,,,,,,,,,,1982,5683,231,,162,,-106,,300,4210,0,0,,886,50475,-31431,245,,-31186,-1312,,-1312,-9626,13158,3532,,,0,,0,,-4,-28970,0,-27956,-27956,0,,0,0,0,0,9921,0,9921,0,,,0,0,,,-4101,-22136,-638,,-1269,16865,15596,19289,,,,0,,0,120.34,120.34,0,0,0,2614000000,0.21,0,0,,62416,28944,-276
10688,"Meta Platforms, Inc.",META,Q1 23,31-03-2023,27-04-2023,25-04-2024,28101,544,,28645,6108,,6108,22537,3044,2885,5929,9381,,,,,,,,,,15310,21418,7227,55,-193,-138,,,,-138,,7365,2530,-932,1598,0.218694403,5767,,,,0,,5767,0,0,0,2.229223038,0,0,0,2.221494607,0,,,2587000000,,,,2596000000,,,,,,,,0,,7169,9693,12744,160,219,223,442,2449,3051,28645,5948,22697,2825,6932,2662,0,0,12419,10278,-193,55,-138,58,10358,2265.236622,8092.763378,,8092.763378,3.117397295,2596,11551,,,11551,25888,4000,,0,11044,,,0,,,,,,,52483,111135,-26979,84156,12899,97055,,,1412,-463,949,20649,,6167,,,,,8137,132957,185440,,3672,,,,,,,20230,,1479,,1479,0,,25381,9925,16171,26096,,,,,,,8219,59696,,0,66535,66535,0,61241,,-2981,,124795,,124795,184491,27575,150134,160059,5709,8289,2524,-620,3051,,0,,770,,,,,,,,,,-7,2571,2546,,821,,30,,-1104,94,0,0,,184,13998,-6842,19,,-6823,-444,,-444,-85,534,449,,,0,,0,,75,-6743,0,-9365,-9365,0,,0,0,0,0,0,0,0,0,,,0,0,,,-1151,-10516,85,,-3176,15596,12420,7175,,,,0,,0,211.94,211.94,0,0,0,2598000000,0.21,0,0,,15310,7227,-138
10688,"Meta Platforms, Inc.",META,Q2 23,30-06-2023,27-07-2023,31-07-2024,31498,501,,31999,5945,,5945,26054,3154,4164,7318,9344,,,,,,,,,,16662,,9392,116,-323,-207,,,,-207,,9599,2381,-876,1505,0.161949855,8094,,,,0,,8094,,,,3.151869159,,,,3.098774885,,,,2568000000,,,,2612000000,,,,,,,,0,,9086,11709,15769,193,289,273,562,3305,4060,31999,5752,26247,2865,6039,3891,0,0,12795,13452,-323,116,-207,306,13353,2162.51641,11190.48359,,11190.48359,4.284258648,2612,28785,,,28785,24661,3603,,0,12511,,,0,,,,,,,69560,116902,-28953,87949,12955,100904,,,1280,-424,856,20659,,6208,,,,,9357,137984,207544,,3093,,,,,,,25432,,1396,,1396,0,,29921,18382,16440,34822,,,,,,,7912,72655,,0,69159,69159,0,67980,,-3106,,134033,,134033,206688,36218,158385,176767,7788,9521,2623,-1137,4060,,0,,0,,,,,,,,,,444,3531,-1424,,-54,,37,,-51,5174,0,0,,-151,17309,-6134,0,,-6134,-83,,-83,-717,1816,1099,,,0,,0,,-85,-5203,0,-898,-898,0,,0,0,0,0,8455,0,8455,0,,,0,0,,,-2265,5292,-14,,17384,12420,29804,11175,,,,0,,71469,286.98,286.98,2222000000,351000000,,2573000000,0.21,198148,192.6682642,,16662,9392,99
10688,"Meta Platforms, Inc.",META,Q3 23,30-09-2023,26-10-2023,30-10-2024,33643,503,,34146,6210,,6210,27936,2877,2070,4947,9241,,,,,,,,,,14188,,13748,139,-534,-395,,,,-395,,14143,3860,-1423,2437,0.17382311,11706,,,,0,,11706,,,,4.544254658,,,,4.432411965,,,,2576000000,,,,2641000000,,,,,,,,0,,13625,16483,19975,183,219,209,428,2881,3492,34146,6027,28119,2658,6360,1861,0,0,10879,17240,-534,139,-395,123,17512,3043.9903,14468.0097,,14468.0097,5.478231617,2641,36890,,,36890,24233,4311,,0,12944,,,0,,,,,,,78378,122620,-30848,91772,13033,104805,,,1239,-426,813,20668,,6142,,,,,6281,138709,217087,,4372,,,,,,,24699,,1460,,1460,0,,30531,18383,16374,34757,,,,,,,8113,73401,,0,71224,71224,0,75205,,-3556,,142873,,142873,216274,36217,167360,185743,11583,8819,2858,3049,3492,,0,,340,,,,,,,,,,75,-995,-678,,-907,,-36,,611,87,0,0,,-72,20402,-6496,0,,-6496,-38,,-38,-1008,1475,467,,,0,,0,,-10,-6077,0,-3570,-3570,0,,0,0,0,0,0,0,0,0,,,0,0,,,-2305,-5875,-354,,8096,29804,37900,13906,,,,0,,66185,300.21,300.21,2221000000,350000000,,2571000000,0.21,179882,191.3866159,,14188,13748,-272
10688,"Meta Platforms, Inc.",META,Q4 23,31-12-2023,02-02-2024,25-04-2024,38706,1405,,40111,7695,,7695,32416,3226,2289,5515,10517,,,,,,,,,,16032,23727,16384,136,-589,-453,,,,-453,,16837,-572,3362,2790,0.16605188,14047,,,,0,,14047,0,0,0,5.474279034,0,0,0,5.341064639,0,,,2566000000,,,,2630000000,,,,,,,,0,,16355,19527,22951,204,225,201,426,2794,3424,40111,7491,32620,3001,7723,2088,0,0,12812,19808,-589,136,-453,29,20232,3359.561637,16872.43836,,16872.43836,6.415375803,2630,41862,,,41862,23541,3793,,0,16169,,,0,,,,,,,85365,129721,-33134,96587,13294,109881,,,1218,-430,788,20654,,6141,,,,,7582,145046,230411,,4849,,,,,,,25488,,1623,,1623,0,,31960,18385,17226,35611,,,,,,,8884,76455,,0,73253,73253,0,82070,,-2155,,153168,,153168,229623,37234,180066,198451,14017,5387,3172,-1161,3424,,0,,1091,,,,,,,,,,131,-1270,-2843,,700,,-111,,671,-350,0,0,,663,19404,-7665,73,,-7592,-64,,-64,-1171,2359,1188,,,0,,0,,-4,-6472,0,-5942,-5942,0,,0,0,0,0,0,0,0,0,,,0,0,,,-2459,-8401,396,,4927,37900,42827,11812,,,,0,,0,353.96,353.96,0,0,0,2561000000,0.21,0,0,,16032,16384,-453
10688,"Meta Platforms, Inc.",META,FY 23,31-12-2023,02-02-2024,25-04-2024,131948,2954,,134902,25959,,25959,108943,12301,11408,23709,38483,,,,,,,,,,62192,88151,46751,446,-1639,-1193,,,,-1193,,47944,8199,131,8330,0.175634646,39614,,,,0,,39614,0,0,0,15.39005439,0,0,0,15.06808672,0,,,2574000000,,,,2629000000,,,,,,,,0,,46235,57413,71440,740,952,906,1858,11429,14027,134902,25219,109683,11349,27054,10502,0,0,48905,60778,-1639,446,-1193,516,61455,10793.62718,50661.37282,,50661.37282,19.27020647,2629,41862,,,41862,23541,3793,,0,16169,,,0,,,,,,,85365,129721,-33134,96587,13294,109881,,,1218,-430,788,20654,,6141,,,,,7582,145046,230411,,4849,,,,,,,25488,,1623,,1623,0,,31960,18385,17226,35611,,,,,,,8884,76455,,0,73253,73253,0,82070,,-2155,,153168,,153168,229623,37234,180066,198451,39098,32015,11178,131,14027,,0,,2432,,,,,,,,,,411,3836,-2399,,559,,-80,,-220,5352,0,0,,624,71113,-27266,221,,-27045,-629,,-629,-2982,6184,3202,,,0,,0,,-23,-24495,0,-19774,-19774,0,,0,0,0,0,8455,0,8455,0,,,0,0,,,-8181,-19500,113,,27231,15596,42827,44068,,,,0,,0,353.96,353.96,0,0,0,2561000000,0.21,0,0,,62192,46751,-1193
10688,"Meta Platforms, Inc.",META,Q1 24,31-03-2024,25-04-2024,25-04-2024,35635,820,,36455,6640,,6640,29815,2564,3455,6019,9978,,,,,,,,,,15997,22637,13818,127,-585,-458,,,,-458,,14276,1785,29,1814,0.127899598,12462,,,,0,,12462,0,0,0,4.896660118,0,0,0,4.747428571,0,,,2545000000,,,,2625000000,,,,,,,,0.432006307,,13725,17099,20661,221,226,204,430,2911,3562,36455,6419,30036,2338,7067,3251,0,0,12656,17380,-585,127,-458,93,17745,2269.578368,15475.42163,,15475.42163,5.895398717,2625,32307,,,32307,25813,3780,,0,13430,,,0,,,,,,,75330,134818,-35910,98908,13555,112463,,,1280,-451,829,20654,,6218,,,,,8179,148343,223673,,3785,,,,,,,22640,,1676,,1676,0,,28101,18387,17570,35957,,,,,,,9257,73315,,0,75391,75391,0,76793,,-2655,,149529,,149529,222844,37633,177185,195572,12369,6877,3374,-456,3562,,0,,240,,,,,,,,,,-66,223,2520,,100,,-94,,-1112,-1274,0,0,,83,19246,-6400,0,,-6400,-72,,-72,-6887,4625,-2262,,,0,,0,,0,-8734,0,-15008,-15008,0,,0,0,0,0,0,0,0,0,,,-1273,-1273,,,-3486,-19767,-288,,-9543,42827,33284,12846,,,,0,,0,485.58,485.58,0,0,0,2537000000,0.21,0,0,,15997,13818,-458
10688,"Meta Platforms, Inc.",META,Q2 24,30-06-2024,01-08-2024,01-08-2024,38329,742,,39071,7308,,7308,31763,2721,3658,6379,10537,,,,,,,,,,16916,24224,14847,128,-540,-412,,,,-412,,15259,1616,25,1641,0.108632332,13618,,,,0,,13618,0,0,0,5.374112076,0,0,0,5.217624521,0,,,2534000000,,,,2610000000,,,,,,,,0.431898934,,14694,18331,22947,288,287,261,548,3780,4616,39071,7020,32051,2434,6757,3397,0,0,12588,19463,-540,128,-412,153,19722,2142.446842,17579.55316,,17579.55316,6.73546098,2610,32045,,,32045,26035,3846,,0,14505,,,0,,,,,,,76431,141354,-38395,102959,14058,117017,,,1465,-481,984,20654,,6207,,,,,9929,154791,231222,,3173,,,,,,,21914,,1917,,1917,0,,27004,18389,17685,36074,,,,,,,10397,73475,,0,78270,78270,0,81188,,-2695,,156763,,156763,230238,37991,185829,204218,13465,5905,3637,-1643,4616,,0,,0,,,,,,,,,,35,-740,-1171,,-84,,54,,250,-497,0,0,,708,19370,-8173,0,,-8173,-57,,-57,-3289,3233,-56,,,0,,0,,-12,-8298,0,-6299,-6299,0,,0,0,0,0,0,0,0,0,,,-1266,-1266,,,-3613,-11178,-152,,-258,33284,33026,11197,,,,0,,0,504.22,504.22,0,0,0,2533000000,0.21,0,0,,16916,14847,-412
10688,"Meta Platforms, Inc.",META,Q3 24,30-09-2024,31-10-2024,31-10-2024,39885,704,,40589,7375,,7375,33214,2822,1865,4687,11177,,,,,,,,,,15864,23239,17350,208,-661,-453,,,,-453,,17803,2100,34,2134,0.119739648,15669,,,,0,,15669,0,0,0,6.195729537,0,0,0,6.026538462,0,,,2529000000,,,,2600000000,,,,,,,,0.4318542,,17369,21396,25646,266,260,238,498,3486,4250,40589,7109,33480,2562,7691,1627,0,0,11880,21600,-661,208,-453,-19,22072,2642.893502,19429.1065,,19429.1065,7.472733268,2600,43852,,,43852,27048,5467,,0,14700,,,0,,,,,,,91067,153016,-40854,112162,14812,126974,,,1447,-474,973,20654,,6071,,,,,11642,166314,257381,,7656,,,,,,,23658,,2016,,2016,0,,33330,28823,18208,47031,,,,,,,11518,91879,,0,80749,80749,0,84972,,-1192,,164529,,164529,256408,49047,195228,224051,15688,9036,4027,-1308,4250,,0,,8,,,,,,,,,,-11,2070,143,,-184,,-29,,667,572,0,0,,901,24724,-8258,0,,-8258,-132,,-132,-4468,4114,-354,,,0,,0,,124,-8620,0,-8818,-8818,0,,0,0,0,0,10432,0,10432,0,,,-1263,-1263,,,-4722,-4371,368,,12101,33026,45127,16466,,,,0,,0,572.44,572.44,0,0,0,2524000000,0.21,0,0,,15864,17350,-453
